step,type,amount,nameOrig,oldbalanceOrg,newbalanceOrig,nameDest,oldbalanceDest,newbalanceDest,isFraud,isFlaggedFraud
321,PAYMENT,180.04,C51715786,21007.0,20826.96,M321244343,0.0,0.0,0,0
41,TRANSFER,523111.11,C1112254209,0.0,0.0,C1776207726,1583965.36,2107076.47,0,0
377,CASH_IN,98975.8,C335057876,3825123.06,3924098.85,C1278722780,160840.74,61864.94,0,0
540,PAYMENT,12665.89,C721463239,0.0,0.0,M74458893,0.0,0.0,0,0
538,CASH_OUT,1392337.38,C874241747,1392337.38,0.0,C762678995,125815.9,1518153.28,1,0
16,PAYMENT,363.12,C2094421184,740530.27,740167.15,M1762969862,0.0,0.0,0,0
14,CASH_IN,281978.35,C636995181,9947.0,291925.35,C1238735674,737.0,230390.92,0,0
274,CASH_OUT,417787.06,C1653173465,36702.0,0.0,C339666788,0.0,417787.06,0,0
227,PAYMENT,20916.73,C1575108626,0.0,0.0,M94286603,0.0,0.0,0,0
21,CASH_OUT,23292.3,C1861214292,0.0,0.0,C1834461593,392364.62,415656.92,1,0
381,PAYMENT,10215.92,C792171575,127247.2,117031.29,M1032442072,0.0,0.0,0,0
394,CASH_OUT,201247.25,C1380307239,201247.25,0.0,C1910018633,1296099.23,1497346.48,1,0
309,PAYMENT,2748.6,C1131453099,0.0,0.0,M1404110191,0.0,0.0,0,0
210,CASH_IN,111584.6,C1685388443,3465722.02,3577306.62,C275108098,2584843.56,2473258.96,0,0
252,PAYMENT,7947.18,C557993821,0.0,0.0,M1393515392,0.0,0.0,0,0
260,PAYMENT,6291.48,C2124737484,56176.0,49884.52,M1937809253,0.0,0.0,0,0
144,TRANSFER,325732.34,C1544110174,325732.34,0.0,C2112676621,0.0,0.0,1,0
137,CASH_OUT,59964.24,C794633160,0.0,0.0,C346197494,244603.07,304567.31,0,0
186,PAYMENT,4.9,C1381665628,96062.26,96057.36,M1614509310,0.0,0.0,0,0
92,CASH_OUT,21574.55,C313908201,21574.55,0.0,C1295977505,0.0,21574.55,1,0
273,CASH_OUT,65516.41,C1299833458,115018.0,49501.59,C1817619626,0.0,65516.41,0,0
95,TRANSFER,53062.52,C146522698,53062.52,0.0,C1122850221,0.0,0.0,1,0
438,TRANSFER,455014.69,C312774959,455014.69,0.0,C2129735982,0.0,0.0,1,0
393,PAYMENT,17968.47,C1474318735,0.0,0.0,M77801499,0.0,0.0,0,0
736,CASH_OUT,1314660.84,C1660278884,1314660.84,0.0,C464467238,0.0,1314660.84,1,0
441,CASH_OUT,1032168.79,C1659569966,1032168.79,0.0,C1072956803,805209.56,1837378.34,1,0
732,CASH_OUT,1157971.07,C1123625591,1157971.07,0.0,C355172230,2974237.06,4132208.13,1,0
253,TRANSFER,539510.01,C1566813757,11019.0,0.0,C1233229818,984887.79,1524397.8,0,0
14,PAYMENT,17541.6,C884796861,12954.7,0.0,M1690394567,0.0,0.0,0,0
208,CASH_OUT,286574.6,C605472698,0.0,0.0,C1762253638,2121464.95,2408039.55,0,0
209,TRANSFER,1516823.73,C117228585,1516823.73,0.0,C750076858,0.0,0.0,1,0
351,TRANSFER,6721321.33,C1914099833,6721321.33,0.0,C1517275009,0.0,0.0,1,0
328,CASH_OUT,148278.59,C2061974333,0.0,0.0,C124679985,559236.84,707515.43,0,0
67,CASH_OUT,106460.7,C844080619,106460.7,0.0,C597435768,1414263.15,1520723.84,1,0
4,CASH_OUT,86070.17,C1699873763,86070.17,0.0,C560041895,0.0,86070.17,1,0
578,CASH_OUT,978103.4,C1183549962,978103.4,0.0,C481798847,0.0,978103.4,1,0
327,PAYMENT,16017.72,C397527070,0.0,0.0,M2101782069,0.0,0.0,0,0
131,CASH_OUT,20304.22,C1930596174,31432.0,11127.78,C1930946430,12100.36,32404.59,0,0
309,CASH_OUT,88615.42,C1177818174,11278.0,0.0,C141342397,3617.75,92233.16,0,0
23,TRANSFER,146127.1,C1866778945,146127.1,0.0,C225469649,0.0,0.0,1,0
149,CASH_OUT,661558.27,C2133707942,661558.27,0.0,C129318396,3050611.21,3712169.48,1,0
270,TRANSFER,134623.95,C1664606481,134623.95,0.0,C1000039615,0.0,0.0,1,0
98,TRANSFER,1273674.05,C2014013314,1273674.05,0.0,C315419844,0.0,0.0,1,0
525,CASH_IN,238942.83,C455049227,90397.78,329340.6,C1352148970,20791586.03,20552643.2,0,0
150,CASH_OUT,119454.86,C1044668407,119454.86,0.0,C1238137303,0.0,119454.86,1,0
6,CASH_OUT,13704.0,C1421965867,13704.0,0.0,C1438594533,3382.84,143675.35,1,0
426,PAYMENT,11631.53,C2100330771,0.0,0.0,M1848185601,0.0,0.0,0,0
11,CASH_OUT,253979.48,C1143276839,10760.0,0.0,C403130913,468545.46,722524.93,0,0
643,CASH_OUT,4222595.06,C4856718,4222595.06,0.0,C488060391,0.0,4222595.06,1,0
229,CASH_OUT,40449.91,C64703244,0.0,0.0,C2046067172,3027081.91,3067531.82,0,0
182,PAYMENT,8772.84,C1295327703,31132.0,22359.16,M1454306842,0.0,0.0,0,0
401,PAYMENT,9813.34,C725327109,0.0,0.0,M2072033007,0.0,0.0,0,0
46,CASH_OUT,71372.0,C313736303,71372.0,0.0,C935310781,613464.04,684836.04,1,0
522,CASH_OUT,144743.02,C1288473590,6017.0,0.0,C832812081,644477.61,789220.62,0,0
485,TRANSFER,471906.6,C17156930,471906.6,0.0,C1931513332,0.0,0.0,1,0
524,CASH_OUT,356224.26,C1424948489,356224.26,0.0,C414953640,0.0,356224.26,1,0
12,PAYMENT,20419.19,C845225874,1830.0,0.0,M2029635494,0.0,0.0,0,0
534,CASH_OUT,1390332.39,C1515790640,1390332.39,0.0,C1288810506,0.0,1390332.39,1,0
99,CASH_OUT,130653.37,C2001925235,130653.37,0.0,C238467459,89246.77,219900.14,1,0
378,CASH_OUT,68342.8,C1654473311,51719.0,0.0,C1856515353,637737.06,565812.34,0,0
42,CASH_OUT,3569720.42,C2012983997,3569720.42,0.0,C365271329,0.0,3569720.42,1,0
77,TRANSFER,819048.34,C1528612318,819048.34,0.0,C669563371,0.0,0.0,1,0
325,CASH_OUT,21050.76,C1426952231,0.0,0.0,C9351786,1753480.45,1774531.2,0,0
132,CASH_OUT,190737.49,C367922797,190737.49,0.0,C697452731,1565285.75,1756023.24,1,0
239,TRANSFER,213399.85,C1387993569,94501.0,0.0,C451731094,4928202.9,5141602.75,0,0
353,CASH_OUT,106987.51,C835177002,0.0,0.0,C1097151528,1279502.5,1386490.0,0,0
259,PAYMENT,18397.48,C66083516,0.0,0.0,M1874092314,0.0,0.0,0,0
322,CASH_OUT,287307.77,C173052623,0.0,0.0,C2023077528,1069474.0,1356781.77,0,0
71,TRANSFER,322113.91,C1765119291,322113.91,0.0,C371379583,0.0,0.0,1,0
234,CASH_OUT,152046.3,C1833236526,91550.41,0.0,C1810800169,406602.59,558648.89,0,0
697,CASH_OUT,1226390.31,C1387290846,1226390.31,0.0,C2032479397,203175.25,1429565.56,1,0
397,CASH_OUT,2107997.33,C1471805107,2107997.33,0.0,C719805094,0.0,2107997.33,1,0
382,PAYMENT,19578.16,C1212058932,5091.0,0.0,M1939241887,0.0,0.0,0,0
323,PAYMENT,2136.11,C2009514257,550023.88,547887.77,M601087520,0.0,0.0,0,0
505,CASH_OUT,2979972.78,C1670945356,2979972.78,0.0,C788738425,267407.43,3247380.2,1,0
129,CASH_OUT,617668.37,C426002729,617668.37,0.0,C1313381818,108637.75,975065.21,1,0
18,CASH_OUT,19358.73,C1170457575,0.0,0.0,C1422727866,537629.53,556988.26,0,0
602,CASH_OUT,1976666.45,C286962871,1976666.45,0.0,C1066958378,0.0,1976666.45,1,0
137,CASH_IN,230630.03,C1873367958,3441454.26,3672084.3,C1637201603,979521.53,748891.49,0,0
357,TRANSFER,2239461.29,C972148639,2239461.29,0.0,C1247043439,0.0,0.0,1,0
8,CASH_OUT,15808.02,C1311336999,0.0,0.0,C485423874,73507.28,89315.3,0,0
349,CASH_OUT,977805.62,C1659764623,977805.62,0.0,C711079235,0.0,977805.62,1,0
261,TRANSFER,591032.52,C1420583441,591032.52,0.0,C1377219388,0.0,0.0,1,0
345,TRANSFER,132973.41,C1231621270,132973.41,0.0,C463737708,0.0,0.0,1,0
494,TRANSFER,3642569.29,C964891508,3642569.29,0.0,C262568847,0.0,0.0,1,0
180,PAYMENT,12667.7,C1245729476,374871.91,362204.22,M632027364,0.0,0.0,0,0
401,TRANSFER,137326.07,C1847319119,146.0,0.0,C543669175,1711516.43,1848842.5,0,0
161,CASH_OUT,60111.05,C1278507213,0.0,0.0,C1794985101,112552.07,172663.12,0,0
404,PAYMENT,1002.99,C1796020538,12118.0,11115.01,M1752870897,0.0,0.0,0,0
404,CASH_OUT,186375.38,C1299679751,186375.38,0.0,C936929482,427950.92,614326.3,1,0
597,TRANSFER,517183.38,C1447448314,517183.38,0.0,C435023373,0.0,0.0,1,0
246,CASH_OUT,14343.03,C849644821,14343.03,0.0,C1587418917,2842416.71,2856759.75,1,0
356,PAYMENT,834.62,C1784154332,20508.0,19673.38,M1710537774,0.0,0.0,0,0
19,TRANSFER,3477438.49,C767243506,3477438.49,0.0,C1532877354,0.0,0.0,1,0
37,CASH_OUT,49194.93,C1983097959,20683.0,0.0,C1930409721,942001.33,991196.27,0,0
615,CASH_OUT,56510.5,C177838089,56510.5,0.0,C2141549007,4455203.05,4511713.55,1,0
18,CASH_IN,68665.93,C2126971661,8171033.95,8239699.88,C627509762,812274.7,743608.77,0,0
229,CASH_OUT,143332.0,C159990458,143332.0,0.0,C1025108799,482652.15,716367.34,1,0
179,CASH_OUT,445705.76,C1911704726,445705.76,0.0,C960848277,0.0,445705.76,1,0
357,CASH_IN,191353.18,C276044135,4521524.76,4712877.93,C1806825688,593960.23,402607.06,0,0
226,CASH_OUT,394788.96,C529683703,46109.0,0.0,C1995685086,878562.21,1273351.17,0,0
317,CASH_OUT,7535.58,C2046264393,7535.58,0.0,C592516907,44609.54,52145.11,1,0
203,TRANSFER,90076.59,C1594040459,0.0,0.0,C1474332302,136337.98,226414.56,0,0
400,CASH_OUT,130278.99,C2081998466,130278.99,0.0,C1015309209,690756.3,821035.3,1,0
165,PAYMENT,20020.61,C197380205,141116.61,121096.01,M505397400,0.0,0.0,0,0
179,PAYMENT,301.03,C626936838,319073.96,318772.94,M1372563019,0.0,0.0,0,0
132,PAYMENT,14330.33,C429956476,33848.77,19518.44,M1398643952,0.0,0.0,0,0
279,DEBIT,1164.9,C701488017,107485.0,106320.1,C2115233568,1527268.42,1528433.32,0,0
727,TRANSFER,276298.49,C2044117692,276298.49,0.0,C71460104,0.0,0.0,1,0
404,CASH_OUT,142004.59,C711806970,3316.0,0.0,C464936188,121910.65,263915.24,0,0
396,CASH_OUT,57701.37,C1233144530,276.0,0.0,C646742480,0.0,57701.37,0,0
164,CASH_OUT,274808.04,C923811656,0.0,0.0,C309065968,2584820.79,3960902.05,0,0
352,PAYMENT,15814.75,C1746698240,16598.66,783.91,M1142899698,0.0,0.0,0,0
329,CASH_OUT,232585.8,C1655164578,165562.0,0.0,C1851618879,2026650.21,2259236.01,0,0
285,TRANSFER,1421665.98,C1217403648,1421665.98,0.0,C483706610,0.0,0.0,1,0
206,TRANSFER,990630.25,C185633643,990630.25,0.0,C125986945,0.0,0.0,1,0
729,TRANSFER,90026.9,C2144761776,90026.9,0.0,C514777944,0.0,0.0,1,0
612,CASH_OUT,68402.97,C2080660503,30836.0,0.0,C2126944678,0.0,68402.97,0,0
310,CASH_OUT,97315.53,C1589660978,154925.0,57609.47,C329019865,34596.08,131911.61,0,0
132,CASH_OUT,768520.15,C1376162995,768520.15,0.0,C471258515,218306.5,986826.65,1,0
259,CASH_IN,66298.95,C482895817,60969.0,127267.95,C1783041640,0.0,0.0,0,0
409,CASH_OUT,2284476.12,C175222097,2284476.12,0.0,C335340729,6835.89,2291312.01,1,0
397,CASH_OUT,70622.64,C869834696,0.0,0.0,C7760531,644400.31,715022.95,0,0
126,TRANSFER,5245375.3,C823324093,5245375.3,0.0,C1906616566,0.0,0.0,1,0
741,TRANSFER,10000000.0,C88849251,25674547.89,15674547.89,C1939028448,0.0,0.0,1,0
158,PAYMENT,9021.0,C1741201742,105202.0,96181.0,M717104782,0.0,0.0,0,0
161,CASH_OUT,149869.26,C1144525215,50856.0,0.0,C1583635380,223911.52,651220.0,0,0
600,TRANSFER,7363709.23,C551820728,7363709.23,0.0,C2069632802,0.0,0.0,1,0
250,CASH_IN,407359.73,C355346941,1692102.35,2099462.08,C820917061,1529631.96,1122272.22,0,0
228,TRANSFER,451718.08,C714913429,11778.0,0.0,C1393088405,49393.6,501111.68,0,0
276,CASH_OUT,81595.54,C1360761487,20791.0,0.0,C2080099779,17605.25,99200.79,0,0
8,CASH_IN,172865.19,C425393935,6652090.2,6824955.39,C1805683209,6259226.34,7428081.5,0,0
705,CASH_OUT,353090.95,C793449159,353090.95,0.0,C985064489,257783.54,610874.48,1,0
352,CASH_IN,124545.18,C680966309,204.0,124749.18,C1635530763,2545493.71,2420948.53,0,0
203,CASH_OUT,147803.6,C1466310333,73820.0,0.0,C1447041383,249358.35,397161.96,0,0
626,TRANSFER,44577.32,C2086578644,44577.32,0.0,C811242646,0.0,0.0,1,0
209,CASH_OUT,1516823.73,C1090892452,1516823.73,0.0,C657813915,386329.46,1903153.19,1,0
654,TRANSFER,1290224.84,C296753895,1290224.84,0.0,C254269192,0.0,0.0,1,0
279,TRANSFER,10000000.0,C2062481561,30536624.41,20536624.41,C935919630,0.0,0.0,1,0
271,CASH_OUT,642364.74,C790384924,642364.74,0.0,C348795905,0.0,642364.74,1,0
309,CASH_OUT,222694.08,C1931470495,222694.08,0.0,C1495297398,0.0,222694.08,1,0
330,TRANSFER,19692.68,C1019553772,19692.68,0.0,C1806361762,0.0,0.0,1,0
178,PAYMENT,816.44,C1151241925,0.0,0.0,M790365881,0.0,0.0,0,0
300,TRANSFER,264058.41,C519152863,264058.41,0.0,C987555684,0.0,0.0,1,0
154,CASH_IN,363626.22,C6496251,4310395.0,4674021.23,C1189179252,3996984.58,3633358.35,0,0
301,PAYMENT,1810.14,C1988220199,0.0,0.0,M806673806,0.0,0.0,0,0
347,PAYMENT,44357.36,C738555010,240.0,0.0,M1028522911,0.0,0.0,0,0
261,TRANSFER,8639.93,C160052939,8639.93,0.0,C671509828,0.0,0.0,1,0
38,CASH_OUT,230990.44,C482687046,0.0,0.0,C1843103642,1532626.25,1945749.16,0,0
83,TRANSFER,594577.22,C2038871800,594577.22,0.0,C699011744,0.0,0.0,1,0
277,CASH_IN,82534.5,C425038418,773595.05,856129.55,C168874772,11292790.52,11210256.02,0,0
546,TRANSFER,24773.86,C1068269457,24773.86,0.0,C746567344,0.0,0.0,1,0
237,CASH_OUT,141096.85,C21544738,39842.0,0.0,C2068223545,21213.0,162309.85,0,0
14,TRANSFER,143032.0,C1960144830,143032.0,0.0,C801162238,0.0,0.0,1,0
177,PAYMENT,5499.69,C1484961754,16166.0,10666.31,M641546296,0.0,0.0,0,0
170,CASH_OUT,176700.12,C1854024553,176700.12,0.0,C1656789626,0.0,176700.12,1,0
728,TRANSFER,6322399.97,C1838430036,6322399.97,0.0,C432858723,0.0,0.0,1,0
235,CASH_OUT,84709.85,C1545463754,62572.18,0.0,C622870452,2848932.61,2933642.46,0,0
264,TRANSFER,84196.79,C1271945104,84196.79,0.0,C622968772,0.0,0.0,1,0
474,PAYMENT,2722.61,C868481335,0.0,0.0,M716740915,0.0,0.0,0,0
205,CASH_OUT,273064.49,C1151728006,0.0,0.0,C765127181,1288210.57,1561275.07,0,0
375,CASH_IN,67147.7,C559212856,1330147.22,1397294.92,C310164481,124128.2,56980.49,0,0
305,PAYMENT,7166.88,C282678300,0.0,0.0,M1187155534,0.0,0.0,0,0
327,CASH_IN,499380.8,C1185547992,1434413.45,1933794.24,C1547202245,626865.52,127484.73,0,0
186,CASH_OUT,215151.03,C1689958171,0.0,0.0,C1694505402,605742.76,820893.79,0,0
404,PAYMENT,26276.22,C688768491,227103.52,200827.3,M1795311891,0.0,0.0,0,0
143,TRANSFER,810599.16,C986104580,810599.16,0.0,C638622205,0.0,0.0,1,0
236,CASH_OUT,41663.47,C77257572,0.0,0.0,C787781118,1702851.31,1744514.79,0,0
424,CASH_OUT,5475018.52,C145448061,5475018.52,0.0,C1034609594,205724.59,5680743.11,1,0
410,CASH_OUT,871745.76,C326766098,871745.76,0.0,C844559371,1830440.62,2702186.38,1,0
695,TRANSFER,286835.21,C1993331914,286835.21,0.0,C653164829,0.0,0.0,1,0
116,TRANSFER,2694857.26,C2100014537,2694857.26,0.0,C973050515,0.0,0.0,1,0
84,CASH_OUT,4830219.15,C610088962,4830219.15,0.0,C1925322228,0.0,4830219.15,1,0
303,CASH_OUT,211633.16,C556588380,307270.92,95637.75,C1889914876,693794.76,905427.92,0,0
274,TRANSFER,24279.32,C1174268918,24279.32,0.0,C1953342406,0.0,0.0,1,0
656,CASH_OUT,766257.55,C38948739,766257.55,0.0,C533828275,46141756.44,46908013.99,1,0
164,CASH_OUT,177680.54,C741693784,177680.54,0.0,C1246356701,158560.03,336240.57,1,0
128,CASH_OUT,3062506.58,C1347372630,3062506.58,0.0,C1738146204,0.0,3062506.58,1,0
352,PAYMENT,1416.92,C41587712,172461.86,171044.94,M711951585,0.0,0.0,0,0
210,CASH_OUT,315238.19,C2105895101,11054.0,0.0,C1165441509,514899.77,830137.96,0,0
282,TRANSFER,181647.66,C54761777,181647.66,0.0,C1435233045,0.0,0.0,1,0
278,PAYMENT,3714.61,C66542908,5038.0,1323.39,M1459510436,0.0,0.0,0,0
221,CASH_OUT,574588.22,C758390812,574588.22,0.0,C1232692327,0.0,574588.22,1,0
334,CASH_IN,198887.55,C1769074270,7453814.02,7652701.56,C1896999135,737163.77,538276.22,0,0
592,PAYMENT,2855.88,C1283170944,58594.0,55738.12,M952035449,0.0,0.0,0,0
593,CASH_OUT,125146.75,C1198861647,125146.75,0.0,C490114096,1820417.69,1945564.44,1,0
254,TRANSFER,591159.5,C1654923779,591159.5,0.0,C931026278,0.0,0.0,1,0
279,TRANSFER,10000000.0,C898870268,10536624.41,536624.41,C1236804041,0.0,0.0,1,0
236,CASH_OUT,339547.49,C2063714614,211535.0,0.0,C1056670314,0.0,339547.49,0,0
187,CASH_IN,224391.54,C1261746831,1270931.64,1495323.18,C1708918417,357207.67,132816.13,0,0
40,CASH_OUT,58143.88,C31933511,141514.0,83370.12,C1204141754,0.0,58143.88,0,0
378,CASH_IN,160816.78,C1830717509,8027878.52,8188695.3,C576425762,909528.68,748711.9,0,0
426,PAYMENT,4341.45,C1375932100,0.0,0.0,M655602001,0.0,0.0,0,0
656,CASH_OUT,46291.81,C68542606,46291.81,0.0,C1411993803,799108.3,845400.11,1,0
186,TRANSFER,327282.92,C2013471968,327282.92,0.0,C1637615155,0.0,0.0,1,0
157,CASH_OUT,431356.55,C1540105290,431356.55,0.0,C349350443,2787800.23,3219156.78,1,0
148,TRANSFER,3733104.07,C492529807,3733104.07,0.0,C863881747,0.0,0.0,1,0
619,CASH_OUT,418971.0,C1299375115,418971.0,0.0,C559632898,2234184.24,2653155.23,1,0
379,CASH_IN,30656.51,C141309778,8447254.69,8477911.2,C1449702309,1652056.45,1621399.93,0,0
652,TRANSFER,2911505.23,C1683729969,2911505.23,0.0,C557033420,0.0,0.0,1,0
30,TRANSFER,236947.25,C1273047168,236947.25,0.0,C1636242484,0.0,0.0,1,0
132,PAYMENT,22173.62,C666227771,0.0,0.0,M151537842,0.0,0.0,0,0
181,TRANSFER,132195.25,C1701934694,0.0,0.0,C1598555599,388634.6,520829.86,0,0
372,PAYMENT,14167.99,C623983825,0.0,0.0,M767560827,0.0,0.0,0,0
204,CASH_IN,330688.35,C5125882,1076294.1,1406982.45,C1798276972,1213810.2,883121.85,0,0
257,PAYMENT,5130.06,C2035127601,18605.39,13475.33,M297655923,0.0,0.0,0,0
494,CASH_OUT,103909.1,C488038887,103909.1,0.0,C862778283,0.0,103909.1,1,0
357,CASH_OUT,231676.33,C1095112501,0.0,0.0,C1055102556,3637788.68,3869465.0,0,0
325,TRANSFER,1445166.74,C757889087,1445166.74,0.0,C688244166,0.0,0.0,1,0
299,CASH_IN,45786.65,C948497238,2476041.25,2521827.9,C2115634451,171283.58,125496.93,0,0
488,TRANSFER,5363795.31,C46940943,5363795.31,0.0,C1142866922,0.0,0.0,1,0
352,TRANSFER,1962548.46,C139606427,1962548.46,0.0,C2082743623,0.0,0.0,1,0
250,CASH_OUT,138087.54,C434497157,0.0,0.0,C24499971,384299.2,522386.74,0,0
157,PAYMENT,22774.91,C630326263,0.0,0.0,M859235458,0.0,0.0,0,0
379,CASH_OUT,118961.3,C1820166304,0.0,0.0,C1775809491,1506057.47,1625018.77,0,0
540,TRANSFER,342970.95,C498197079,342970.95,0.0,C1500413954,0.0,0.0,1,0
282,PAYMENT,6964.41,C176649818,2716.0,0.0,M1331578374,0.0,0.0,0,0
554,CASH_OUT,10000000.0,C291823113,10000000.0,0.0,C1546786985,0.0,10000000.0,1,0
540,CASH_OUT,47481.9,C1703320349,0.0,0.0,C743882634,744897.64,792379.54,0,0
186,CASH_OUT,70790.59,C356198335,0.0,0.0,C75474253,2379601.45,2450392.04,0,0
253,CASH_OUT,2415826.18,C445430208,2415826.18,0.0,C267089577,389260.33,2805086.51,1,0
301,TRANSFER,11997957.55,C1220505915,0.0,0.0,C845355332,12447196.39,24445153.94,0,0
136,PAYMENT,8215.62,C1034173103,118490.28,110274.66,M1840715486,0.0,0.0,0,0
63,TRANSFER,148188.84,C1621152719,148188.84,0.0,C2001263601,0.0,0.0,1,0
284,CASH_IN,169113.53,C93484004,1399225.5,1568339.03,C1451456996,871831.61,702718.08,0,0
324,TRANSFER,21580.37,C765450059,21580.37,0.0,C125935569,0.0,0.0,1,0
12,CASH_OUT,291182.56,C103483511,11149.0,0.0,C4083263,580539.95,871722.51,0,0
165,TRANSFER,798007.45,C166998225,798007.45,0.0,C1222965413,0.0,0.0,1,0
280,CASH_IN,8662.02,C1460661799,131014.0,139676.02,C844303187,0.0,0.0,0,0
37,CASH_IN,221420.51,C1752136098,6648016.21,6869436.72,C1638895667,1042561.5,821141.0,0,0
276,CASH_OUT,321465.0,C671609278,321465.0,0.0,C1088272882,377792.79,699257.79,1,0
327,PAYMENT,11404.46,C1593018901,18012.0,6607.54,M1132947378,0.0,0.0,0,0
604,TRANSFER,714218.48,C454938739,714218.48,0.0,C482986731,0.0,0.0,1,0
138,CASH_IN,351916.36,C1344953998,8083.0,359999.36,C517862958,43059.3,0.0,0,0
689,CASH_OUT,2163012.63,C1593930308,2163012.63,0.0,C1515597867,0.0,2163012.63,1,0
490,CASH_OUT,1927403.83,C630013429,1927403.83,0.0,C1658435128,0.0,1927403.83,1,0
30,CASH_OUT,122235.11,C356571967,122235.11,0.0,C1905066109,0.0,122235.11,1,0
277,CASH_OUT,142668.71,C922371862,0.0,0.0,C2051193844,181472.99,324141.7,0,0
79,CASH_OUT,61178.51,C216625470,61178.51,0.0,C1897901588,238787.35,299965.86,1,0
504,CASH_OUT,1380940.73,C1061974347,1380940.73,0.0,C2132628284,185939.03,1566879.76,1,0
668,CASH_OUT,1576531.53,C2000069930,1576531.53,0.0,C1345448010,0.0,1576531.53,1,0
39,CASH_OUT,7937954.2,C1581001485,7937954.2,0.0,C2012612648,2716480.56,10654434.76,1,0
41,DEBIT,819.35,C1148180455,274494.0,273674.65,C1736487027,923509.57,924328.92,0,0
324,CASH_OUT,285143.18,C136996167,6460.0,0.0,C709802017,87870.7,373013.88,0,0
691,TRANSFER,84174.31,C1766174104,84174.31,0.0,C2119229294,0.0,0.0,1,0
670,TRANSFER,1938347.14,C574846060,1938347.14,0.0,C1073035418,0.0,0.0,1,0
635,CASH_OUT,182739.36,C1691189343,182739.36,0.0,C654896050,2520763.27,2703502.63,1,0
156,CASH_OUT,805319.81,C1597187760,805319.81,0.0,C1975329762,0.0,805319.81,1,0
527,CASH_OUT,1094419.89,C171594186,1094419.89,0.0,C31581400,6352690.24,7447110.13,1,0
518,CASH_OUT,95105.01,C1098333645,95105.01,0.0,C2133878060,1779246.39,1874351.4,1,0
71,TRANSFER,304085.48,C378617827,304085.48,0.0,C1265131322,0.0,0.0,1,0
180,PAYMENT,3649.81,C94148084,81953.0,78303.19,M473382272,0.0,0.0,0,0
141,TRANSFER,217365.58,C2112887318,0.0,0.0,C895445016,1493343.36,1710708.94,0,0
404,CASH_IN,129349.78,C1791606570,1412490.26,1541840.04,C1580003717,3218832.15,3089482.37,0,0
611,TRANSFER,40873.25,C710694637,40873.25,0.0,C1394516732,0.0,0.0,1,0
309,CASH_OUT,96474.91,C1496296182,96474.91,0.0,C1435664818,0.0,96474.91,1,0
36,CASH_OUT,270566.57,C300451543,6494.0,0.0,C35275622,0.0,586645.37,0,0
373,CASH_OUT,117249.99,C532967631,26105.0,0.0,C1557221720,30435.45,147685.44,0,0
329,CASH_OUT,324609.22,C48679493,82113.0,0.0,C1808999386,344347.01,668956.24,0,0
501,CASH_OUT,73328.47,C486475029,73328.47,0.0,C710448547,121670.8,194999.27,1,0
300,PAYMENT,23576.28,C473125802,677285.96,653709.69,M1401192261,0.0,0.0,0,0
253,CASH_OUT,168622.3,C294300042,168622.3,0.0,C1850704979,941451.87,1110074.16,1,0
439,TRANSFER,3653274.35,C1750635867,3653274.35,0.0,C175456218,0.0,0.0,1,0
435,TRANSFER,365332.78,C815195284,365332.78,0.0,C181224560,0.0,0.0,1,0
412,CASH_OUT,571163.03,C1600275467,571163.03,0.0,C902858452,45861.48,617024.51,1,0
356,CASH_OUT,369672.98,C945029298,0.0,0.0,C933066669,2783044.96,3152717.93,0,0
37,CASH_IN,294938.98,C950802969,12348.0,307286.98,C1680148953,0.0,0.0,0,0
98,CASH_OUT,8055.06,C1544350298,8055.06,0.0,C912405348,0.0,8055.06,1,0
230,CASH_IN,77544.27,C1386504158,680274.4,757818.67,C934058959,715136.74,637592.47,0,0
537,CASH_OUT,2463190.9,C201662264,2463190.9,0.0,C995043220,1200145.47,3663336.38,1,0
60,TRANSFER,581421.85,C1021314422,581421.85,0.0,C2062695733,0.0,0.0,1,0
163,CASH_OUT,163294.35,C1921431894,163294.35,0.0,C1280060028,234212.42,397506.77,1,0
185,PAYMENT,8375.37,C1530026844,37895.0,29519.63,M863474603,0.0,0.0,0,0
685,TRANSFER,4886423.05,C557894266,4886423.05,0.0,C1725513942,0.0,0.0,1,0
449,CASH_OUT,219979.57,C586477634,50068.0,0.0,C1628505644,48281.99,268261.56,0,0
536,CASH_OUT,285382.07,C2026773227,285382.07,0.0,C1098688796,0.0,285382.07,1,0
703,CASH_OUT,337287.72,C976181773,337287.72,0.0,C497482843,32681.26,369968.98,1,0
404,CASH_OUT,25634.56,C755980216,0.0,0.0,C1368955366,203974.01,229608.56,0,0
202,CASH_OUT,2263927.04,C94525444,2263927.04,0.0,C1450888906,0.0,2263927.04,1,0
161,CASH_OUT,533315.62,C2127290182,0.0,0.0,C1520555969,1514949.19,2541728.38,0,0
41,TRANSFER,1028852.71,C1719409828,20246.0,0.0,C1121929205,1041815.86,2070668.57,0,0
229,PAYMENT,8200.25,C1542922367,11440.0,3239.75,M493987112,0.0,0.0,0,0
520,TRANSFER,2871898.5,C955101286,2871898.5,0.0,C1205312123,0.0,0.0,1,0
596,CASH_OUT,204721.27,C357911107,204721.27,0.0,C1450973124,0.0,204721.27,1,0
119,CASH_OUT,2040209.74,C248036406,2040209.74,0.0,C646526180,11240377.72,13280587.46,1,0
236,PAYMENT,7545.25,C22437086,21532.0,13986.75,M1050573533,0.0,0.0,0,0
714,CASH_OUT,221167.84,C75762686,221167.84,0.0,C711384774,180443.7,401611.54,1,0
741,TRANSFER,10000000.0,C1111699947,35674547.89,25674547.89,C949015157,0.0,0.0,1,0
164,TRANSFER,329728.11,C1588740494,329728.11,0.0,C827087701,0.0,0.0,1,0
16,PAYMENT,19539.84,C637015951,10445.0,0.0,M1028898573,0.0,0.0,0,0
8,CASH_OUT,209164.1,C1605531542,0.0,0.0,C875761527,1300764.44,1238942.28,0,0
251,CASH_OUT,118105.95,C1642294930,17071.01,0.0,C644948876,439941.66,558047.61,0,0
137,PAYMENT,521.37,C203378011,0.0,0.0,M42773300,0.0,0.0,0,0
577,CASH_OUT,727792.98,C786298819,727792.98,0.0,C1428966428,456471.74,1184264.72,1,0
37,CASH_OUT,112486.46,C124687089,0.0,0.0,C179706450,257274.47,369760.93,1,0
690,TRANSFER,3574316.05,C1370421735,3574316.05,0.0,C1314506376,0.0,0.0,1,0
10,CASH_IN,22786.17,C27418457,3288491.36,3311277.54,C1144070975,2501114.96,2364068.61,0,0
410,TRANSFER,281439.26,C608125181,281439.26,0.0,C1857424764,0.0,0.0,1,0
164,TRANSFER,177680.54,C485323920,177680.54,0.0,C1780714769,0.0,0.0,1,0
129,TRANSFER,139210.23,C922917235,139210.23,0.0,C1075980653,0.0,0.0,1,0
135,CASH_IN,116940.06,C1210938791,8006023.41,8122963.47,C532834573,4174564.42,4057624.36,0,0
151,TRANSFER,443893.69,C1983851007,443893.69,0.0,C1777824686,0.0,0.0,1,0
141,CASH_OUT,350800.27,C1071591900,350800.27,0.0,C1325541393,3904036.08,4254836.35,1,0
724,TRANSFER,72389.42,C369360182,72389.42,0.0,C1892199981,0.0,0.0,1,0
161,CASH_OUT,134528.85,C1291847618,0.0,0.0,C678909421,271816.43,406345.27,0,0
134,CASH_OUT,19389.4,C744147761,9959.0,0.0,C40360640,887052.72,906442.11,0,0
533,TRANSFER,400517.07,C709213920,400517.07,0.0,C565737744,0.0,0.0,1,0
154,PAYMENT,1926.85,C1461463577,607.0,0.0,M1655432737,0.0,0.0,0,0
399,CASH_OUT,429320.47,C1152775611,0.0,0.0,C2110157840,10976962.34,11406282.82,0,0
258,CASH_IN,87999.13,C1340160039,5084256.68,5172255.81,C848292007,11698441.45,11725918.02,0,0
261,CASH_OUT,105677.03,C1479566261,0.0,0.0,C352206686,2456909.13,2562586.16,0,0
160,CASH_OUT,200330.14,C1416145951,387.0,0.0,C1538961175,3079166.74,3321302.8,0,0
355,CASH_OUT,62040.38,C2026505459,0.0,0.0,C1604920106,2211814.58,2273854.97,0,0
331,CASH_OUT,226323.76,C1505711421,0.0,0.0,C870958103,233062.73,459386.48,0,0
87,TRANSFER,115461.48,C1864352304,115461.48,0.0,C238575749,0.0,0.0,1,0
521,TRANSFER,525155.79,C66538497,525155.79,0.0,C586669216,0.0,0.0,1,0
718,TRANSFER,9749042.95,C1040320190,9749042.95,0.0,C598263954,0.0,0.0,1,0
338,CASH_OUT,143340.15,C1451066476,143340.15,0.0,C91478894,459383.83,602723.98,1,0
323,CASH_IN,114626.33,C1904615049,6026.0,120652.33,C812877271,0.0,0.0,0,0
591,CASH_OUT,4863106.47,C819607740,4863106.47,0.0,C346707940,0.0,4863106.47,1,0
520,TRANSFER,3283695.97,C649961237,3283695.97,0.0,C1812152397,0.0,0.0,1,0
137,CASH_OUT,1265379.37,C795574446,1265379.37,0.0,C1744617229,0.0,1265379.37,1,0
120,TRANSFER,746518.21,C1049419908,746518.21,0.0,C713376763,0.0,0.0,1,0
259,TRANSFER,558073.69,C1477071345,0.0,0.0,C1288964156,783207.52,1341281.21,0,0
449,TRANSFER,231894.75,C978611121,25644.0,0.0,C1265325259,202654.11,434548.86,0,0
305,CASH_OUT,124718.38,C355629677,0.0,0.0,C1090103022,2482527.99,2607246.37,0,0
161,TRANSFER,1533798.48,C1167018610,1533798.48,0.0,C2064362362,0.0,0.0,1,0
597,TRANSFER,88099.88,C16417256,88099.88,0.0,C1246176741,0.0,0.0,1,0
203,CASH_OUT,77425.18,C336292838,0.0,0.0,C2010728617,1783099.45,1860524.63,0,0
436,TRANSFER,539658.73,C1496866222,539658.73,0.0,C2010123268,0.0,0.0,1,0
131,CASH_OUT,324731.73,C301142793,23151.0,0.0,C681107717,0.0,324731.73,0,0
608,CASH_OUT,4716307.48,C672433047,4716307.48,0.0,C1424729422,0.0,4716307.48,1,0
306,CASH_IN,152123.98,C807640787,15295473.64,15447597.61,C1831256584,235400.03,83276.05,0,0
133,CASH_OUT,62351.34,C1078209136,75280.0,12928.66,C591953123,517241.0,674805.07,0,0
615,TRANSFER,56510.5,C956959892,56510.5,0.0,C582952352,0.0,0.0,1,0
705,CASH_OUT,989954.57,C1908563566,989954.57,0.0,C184438165,861924.18,1851878.75,1,0
253,PAYMENT,1948.37,C680996757,18736.09,16787.71,M1202888243,0.0,0.0,0,0
230,PAYMENT,1188.95,C109846666,0.0,0.0,M1994337481,0.0,0.0,0,0
20,PAYMENT,4466.85,C606523389,1722.1,0.0,M552931253,0.0,0.0,0,0
10,PAYMENT,3950.45,C1359750083,0.0,0.0,M2117228884,0.0,0.0,0,0
411,CASH_OUT,2068313.94,C338311472,2068313.94,0.0,C1131834798,0.0,2068313.94,1,0
22,CASH_OUT,74804.24,C1683055902,74804.24,0.0,C313857348,0.0,74804.24,1,0
419,TRANSFER,533092.45,C1329946363,533092.45,0.0,C641771382,0.0,0.0,1,0
285,CASH_OUT,752639.78,C1541138179,752639.78,0.0,C810413951,290612.69,1043252.47,1,0
122,TRANSFER,994676.91,C145252938,994676.91,0.0,C2046097949,0.0,0.0,1,0
712,TRANSFER,6514.47,C1829047809,6514.47,0.0,C152722273,0.0,0.0,1,0
16,CASH_IN,96067.45,C1233635498,1646219.8,1742287.24,C1667842955,130578.67,443125.3,0,0
279,PAYMENT,1420.82,C727673296,5107.0,3686.19,M589661424,0.0,0.0,0,0
676,CASH_OUT,327773.15,C1561550785,327773.15,0.0,C1078506798,696949.46,1024722.61,1,0
40,CASH_OUT,205411.83,C497072993,0.0,0.0,C2053630851,276021.3,481433.12,0,0
558,CASH_OUT,209829.57,C982640738,209829.57,0.0,C982569135,0.0,209829.57,1,0
224,TRANSFER,107351.33,C1345101920,107351.33,0.0,C2138212554,0.0,0.0,1,0
661,CASH_OUT,96014.77,C683099124,0.0,0.0,C248479470,1088735.94,1184750.71,0,0
247,CASH_OUT,76646.05,C1873858924,76646.05,0.0,C587506100,0.0,76646.05,1,0
664,TRANSFER,84771.55,C353441050,84771.55,0.0,C1305397370,0.0,0.0,1,0
185,CASH_OUT,131597.73,C1484249686,131597.73,0.0,C437393063,0.0,0.0,1,0
213,TRANSFER,1835523.44,C1909573304,1835523.44,0.0,C649284727,0.0,0.0,1,0
47,CASH_OUT,2249574.01,C758510706,2249574.01,0.0,C1011054162,3785286.98,6034861.0,1,0
463,CASH_OUT,279826.54,C616239672,279826.54,0.0,C583085719,492054.19,771880.72,1,0
135,CASH_OUT,7927.06,C2071408487,7927.06,0.0,C1313763244,0.0,7927.06,1,0
416,TRANSFER,27276.07,C746928702,27276.07,0.0,C1644712820,0.0,0.0,1,0
236,PAYMENT,4986.64,C350449781,0.0,0.0,M1348214865,0.0,0.0,0,0
119,CASH_OUT,1082718.08,C1700746062,1082718.08,0.0,C2094758732,0.0,1082718.08,1,0
572,CASH_OUT,82504.16,C364720575,82504.16,0.0,C911165143,190860.62,273364.78,1,0
86,TRANSFER,88649.1,C1043173812,88649.1,0.0,C1425524479,0.0,0.0,1,0
385,CASH_OUT,620512.76,C2009642313,620512.76,0.0,C826590621,0.0,620512.76,1,0
313,CASH_IN,133241.13,C826706971,10843787.86,10977028.98,C1434976223,346080.19,212839.07,0,0
686,TRANSFER,1637875.33,C1652871533,1637875.33,0.0,C624254500,0.0,0.0,1,0
383,CASH_OUT,4961093.21,C1283767836,4961093.21,0.0,C1198859415,0.0,4961093.21,1,0
528,PAYMENT,30939.15,C1131781580,45410.95,14471.81,M1676193258,0.0,0.0,0,0
621,TRANSFER,3582885.46,C541955381,3582885.46,0.0,C212885805,0.0,0.0,1,0
17,CASH_OUT,462668.1,C1222385491,0.0,0.0,C453211571,11899495.58,12362163.68,0,0
122,TRANSFER,188249.17,C2026720299,188249.17,0.0,C669965600,0.0,0.0,1,0
514,CASH_OUT,3551771.18,C724176081,3551771.18,0.0,C1715461224,208369.87,3760141.06,1,0
226,CASH_OUT,29174.8,C526626217,29174.8,0.0,C477310004,4093.57,33268.36,1,0
188,TRANSFER,166922.22,C803012192,9704.0,0.0,C2088146489,0.0,166922.22,0,0
679,TRANSFER,3150438.28,C1921052827,3150438.28,0.0,C117597233,0.0,0.0,1,0
198,TRANSFER,2634032.61,C742596177,2634032.61,0.0,C1639263930,0.0,0.0,1,0
330,CASH_OUT,370848.51,C1420965573,9940.0,0.0,C1854841307,398546.68,769395.19,0,0
203,CASH_OUT,249873.27,C1096380680,0.0,0.0,C1997113882,370895.8,620769.07,0,0
211,CASH_OUT,1330802.24,C1458541760,1330802.24,0.0,C1092309864,151341.34,1515187.24,1,0
456,CASH_OUT,760984.58,C2076996831,760984.58,0.0,C1951439287,1550675.96,2311660.54,1,0
256,CASH_IN,328660.16,C792477295,24643605.65,24972265.81,C731951816,743203.72,414543.57,0,0
572,TRANSFER,262960.23,C1013385845,262960.23,0.0,C1547908337,0.0,0.0,1,0
645,CASH_OUT,214760.72,C219928629,214760.72,0.0,C1845454349,151605.62,366366.35,1,0
309,CASH_OUT,86225.56,C1926045395,0.0,0.0,C1129635883,135005.87,221231.43,0,0
162,CASH_OUT,183806.32,C691771226,19391.0,0.0,C1416312719,382572.19,566378.51,0,0
723,CASH_OUT,6199009.0,C935658927,6199009.0,0.0,C1938522935,938804.47,7137813.47,1,0
348,CASH_IN,56873.58,C700458019,361.0,57234.58,C614974657,456302.71,399429.13,0,0
189,PAYMENT,4640.44,C349939670,31844.0,27203.56,M1751570991,0.0,0.0,0,0
9,CASH_OUT,1154353.99,C1034219836,1154353.99,0.0,C1195589213,162222.0,1965587.6,1,0
183,CASH_OUT,5566.14,C1626151381,5566.14,0.0,C567898668,0.0,5566.14,1,0
379,CASH_OUT,7622.01,C1064348677,4829.0,0.0,C1023560928,448988.2,901763.84,0,0
145,TRANSFER,1767886.02,C1544286887,1767886.02,0.0,C436837170,0.0,0.0,1,0
426,CASH_IN,283.6,C1811800344,5996440.38,5996723.97,C97261318,1696189.39,1695905.79,0,0
652,CASH_OUT,80397.86,C1111928189,80397.86,0.0,C909134894,410068.69,490466.54,1,0
478,TRANSFER,829286.58,C1357479917,829286.58,0.0,C2091222833,0.0,0.0,1,0
394,TRANSFER,3354215.55,C1128510858,3354215.55,0.0,C907385207,0.0,0.0,1,0
137,CASH_OUT,13546.09,C799359975,0.0,0.0,C1461666566,114223.18,127769.28,0,0
306,PAYMENT,15902.84,C527331811,0.0,0.0,M177036329,0.0,0.0,0,0
436,TRANSFER,842554.02,C2022831297,842554.02,0.0,C676778137,0.0,0.0,1,0
268,CASH_OUT,2219475.13,C10511157,2219475.13,0.0,C830333385,589145.32,2808620.45,1,0
281,PAYMENT,2904.77,C1428760355,2041.0,0.0,M593951546,0.0,0.0,0,0
10,CASH_OUT,377275.45,C1777517449,0.0,0.0,C510508465,2072427.97,2266894.08,0,0
274,PAYMENT,884.31,C80308678,1011.0,126.69,M142290929,0.0,0.0,0,0
381,CASH_IN,35661.78,C1110455571,440.0,36101.78,C1071848863,3339.11,0.0,0,0
178,PAYMENT,8460.8,C1706852057,77718.0,69257.2,M2114526179,0.0,0.0,0,0
439,TRANSFER,112656.24,C260785530,112656.24,0.0,C1654926688,0.0,0.0,1,0
732,TRANSFER,417129.11,C661000203,417129.11,0.0,C1308507305,0.0,0.0,1,0
167,PAYMENT,1464.13,C340132482,60483.0,59018.87,M1065400251,0.0,0.0,0,0
178,PAYMENT,14691.54,C798186271,0.0,0.0,M1518291364,0.0,0.0,0,0
356,TRANSFER,2590333.97,C2060551157,0.0,0.0,C2012026808,2859656.03,5449990.0,0,0
476,PAYMENT,8988.85,C27243120,7833.0,0.0,M717013071,0.0,0.0,0,0
643,CASH_OUT,1707.4,C933301215,1707.4,0.0,C306147226,0.0,1707.4,1,0
21,CASH_OUT,193646.85,C1308872720,0.0,0.0,C450391449,1584289.82,1777936.67,0,0
17,CASH_OUT,85180.51,C1263273010,0.0,0.0,C1224081716,439358.55,783681.46,0,0
185,CASH_IN,571289.71,C452382641,4699959.64,5271249.35,C664816184,875173.27,352035.21,0,0
249,CASH_OUT,133262.43,C27760409,0.0,0.0,C1391986725,744444.35,877706.78,0,0
278,CASH_OUT,3167.66,C1593272099,62536.0,59368.34,C1641185696,0.0,0.0,0,0
617,TRANSFER,621034.85,C1846853736,621034.85,0.0,C1061343039,0.0,0.0,1,0
737,CASH_OUT,167606.49,C696026207,167606.49,0.0,C1386785907,2315864.75,2483471.24,1,0
522,TRANSFER,3635328.11,C743822679,10436.0,0.0,C1534408959,273252.13,3908580.24,0,0
271,TRANSFER,5926745.36,C393546828,5926745.36,0.0,C516790131,0.0,0.0,1,0
595,PAYMENT,5733.6,C1127215034,20870.0,15136.4,M1967813045,0.0,0.0,0,0
107,CASH_OUT,204675.48,C307731888,204675.48,0.0,C717487050,109380.43,314055.91,1,0
54,CASH_OUT,438224.6,C1238831225,438224.6,0.0,C296924123,320697.46,758922.05,1,0
65,CASH_OUT,701168.78,C1795901064,701168.78,0.0,C1652576276,841462.58,1542631.35,1,0
381,TRANSFER,703882.14,C1086283812,703882.14,0.0,C575658952,0.0,0.0,1,0
234,PAYMENT,25106.06,C1226399379,0.0,0.0,M248903664,0.0,0.0,0,0
502,CASH_OUT,73051.02,C257009232,73051.02,0.0,C2051261530,6049.33,79100.35,1,0
639,CASH_OUT,49199.2,C929319226,49199.2,0.0,C1153867548,0.0,49199.2,1,0
538,CASH_OUT,2136099.59,C615843583,2136099.59,0.0,C634573611,466582.86,2602682.46,1,0
379,CASH_OUT,99458.21,C1220506270,99458.21,0.0,C843527352,425060.84,524519.05,1,0
148,CASH_OUT,677563.22,C2082620262,677563.22,0.0,C492841836,5725307.68,6402870.9,1,0
239,CASH_OUT,63944.13,C963749685,63944.13,0.0,C816242963,3034987.39,3098931.52,1,0
241,CASH_OUT,657417.64,C1843566745,657417.64,0.0,C742045843,0.0,657417.64,1,0
43,TRANSFER,93459.89,C1518273469,93459.89,0.0,C1076725693,0.0,0.0,1,0
300,TRANSFER,176059.16,C1589553907,176059.16,0.0,C1151960519,0.0,0.0,1,0
96,CASH_IN,76455.68,C8532366,5209018.01,5285473.69,C912290293,4182421.68,4105965.99,0,0
133,CASH_IN,56403.43,C1707134322,9206963.6,9263367.04,C1675553530,1477712.19,1421308.76,0,0
506,CASH_OUT,575082.97,C307372020,575082.97,0.0,C1513349035,0.0,575082.97,1,0
308,PAYMENT,32728.65,C637957920,27874.0,0.0,M1862272241,0.0,0.0,0,0
372,CASH_IN,27853.7,C1572032278,1997374.83,2025228.53,C1992278831,174577.09,146723.39,0,0
380,PAYMENT,7519.23,C1232628334,0.0,0.0,M1236920019,0.0,0.0,0,0
284,PAYMENT,1531.71,C1217007,22881.0,21349.29,M1045046847,0.0,0.0,0,0
34,CASH_OUT,4740.25,C567587096,0.0,0.0,C9874612,486820.52,301703.03,0,0
129,CASH_OUT,122967.11,C1733207981,0.0,0.0,C988279892,315922.83,438889.94,0,0
460,CASH_OUT,58058.98,C625520344,58058.98,0.0,C1699367271,822974.58,881033.56,1,0
254,CASH_IN,370220.37,C1428268466,20071.0,390291.37,C1793851024,89778.12,0.0,0,0
395,PAYMENT,46627.9,C680062523,0.0,0.0,M585375996,0.0,0.0,0,0
36,TRANSFER,555624.58,C1618863822,147.0,0.0,C1293851519,164.23,693416.92,0,0
256,CASH_IN,314758.83,C1559836246,10791.0,325549.83,C1591568906,145219.51,0.0,0,0
352,TRANSFER,154052.34,C2069798530,154052.34,0.0,C2110724119,0.0,0.0,1,0
614,TRANSFER,4212682.84,C359671277,4212682.84,0.0,C1265391231,0.0,0.0,1,0
590,CASH_OUT,498183.25,C104610866,498183.25,0.0,C1054580696,107993.04,606176.29,1,0
326,CASH_IN,251952.25,C1343048011,8240.0,260192.25,C1986647970,1085036.02,833083.76,0,0
250,CASH_OUT,114975.92,C1134853676,81707.0,0.0,C1292288586,0.0,114975.92,0,0
137,CASH_OUT,173404.28,C820833997,16728.0,0.0,C64453840,1366828.92,1540233.19,0,0
276,TRANSFER,321465.0,C1409640196,321465.0,0.0,C351250404,0.0,0.0,1,0
132,CASH_OUT,2479940.21,C225560210,2479940.21,0.0,C946491737,0.0,2479940.21,1,0
532,TRANSFER,254719.63,C1828919793,254719.63,0.0,C1458046968,0.0,0.0,1,0
542,CASH_OUT,7469051.14,C1841900359,7469051.14,0.0,C1129100193,94820.42,7563871.56,1,0
35,CASH_OUT,21391.53,C1009250621,42287.0,20895.47,C72220099,0.0,21391.53,0,0
160,CASH_OUT,482259.95,C934027526,60794.0,0.0,C1849602029,5104609.18,5586869.14,0,0
354,CASH_OUT,10000000.0,C50848420,10000000.0,0.0,C1732619349,350562.51,10350562.51,1,0
365,TRANSFER,93581.19,C948820574,93581.19,0.0,C1013301931,0.0,0.0,1,0
261,TRANSFER,2689633.8,C1607707310,2689633.8,0.0,C1422177291,0.0,0.0,1,0
425,TRANSFER,10000000.0,C689608084,19585040.37,19585040.37,C1392803603,0.0,0.0,1,1
372,CASH_OUT,124885.22,C414002088,0.0,0.0,C1634702191,11406286.43,11531171.65,0,0
121,TRANSFER,936976.86,C415681195,936976.86,0.0,C243023678,0.0,0.0,1,0
240,CASH_OUT,806850.06,C59004862,806850.06,0.0,C97275892,2045274.33,2852124.39,1,0
187,CASH_OUT,856386.66,C1887925622,856386.66,0.0,C128909445,256445.98,1112832.65,1,0
226,CASH_OUT,73230.68,C830500142,15318.0,0.0,C898900309,0.0,73230.68,0,0
263,CASH_OUT,273408.94,C243815922,273408.94,0.0,C227208955,0.0,273408.94,1,0
205,CASH_OUT,216179.15,C1482534686,216179.15,0.0,C1784137006,280881.31,497060.46,1,0
596,PAYMENT,14139.44,C437875601,535559.62,521420.18,M57656214,0.0,0.0,0,0
134,CASH_OUT,546652.31,C1802920586,0.0,0.0,C1476610309,6784523.24,7331175.55,0,0
302,CASH_OUT,87925.25,C1030680003,50061.0,0.0,C435365761,3641002.11,3728927.36,0,0
258,PAYMENT,13195.74,C704340091,0.0,0.0,M1988008393,0.0,0.0,0,0
544,CASH_IN,82914.11,C1280643460,11220.0,94134.11,C1261771408,373996.4,291082.29,0,0
257,CASH_OUT,14554.54,C1387236985,0.0,0.0,C975910370,1393557.3,1152887.32,0,0
698,CASH_OUT,131842.85,C494904696,131842.85,0.0,C1742037913,3479.07,135321.92,1,0
265,CASH_OUT,5721871.91,C533511520,5721871.91,0.0,C226077337,146633.42,5868505.33,1,0
150,CASH_OUT,163852.19,C1364188509,163852.19,0.0,C1652775924,548967.17,712819.36,1,0
332,PAYMENT,17678.74,C303909630,0.0,0.0,M1540992892,0.0,0.0,0,0
737,TRANSFER,946705.53,C1524194171,946705.53,0.0,C357888969,0.0,0.0,1,0
656,TRANSFER,110528.53,C307234825,110528.53,0.0,C949239257,0.0,0.0,1,0
701,CASH_OUT,1947831.96,C948133316,1947831.96,0.0,C1195105937,0.0,1947831.96,1,0
249,CASH_OUT,3138.25,C550487166,3138.25,0.0,C156487696,249297.18,252435.43,1,0
645,TRANSFER,326250.51,C193546785,326250.51,0.0,C214988457,0.0,0.0,1,0
403,CASH_OUT,102450.39,C748895238,33190.0,0.0,C1888274124,0.0,102450.39,0,0
133,PAYMENT,29175.35,C1687143541,40169.0,10993.65,M95427430,0.0,0.0,0,0
279,PAYMENT,3858.9,C1643410812,205800.28,201941.38,M1113193172,0.0,0.0,0,0
629,CASH_OUT,7922.98,C1629313873,7922.98,0.0,C215301926,0.0,7922.98,1,0
444,TRANSFER,178616.12,C1841711424,178616.12,0.0,C622012367,0.0,0.0,1,0
470,TRANSFER,864994.24,C504859386,864994.24,0.0,C1412133328,0.0,0.0,1,0
152,TRANSFER,2175288.9,C2058960648,2175288.9,0.0,C413773455,0.0,0.0,1,0
690,CASH_OUT,3574316.05,C438537495,3574316.05,0.0,C2102646541,260882.71,3835198.77,1,0
157,PAYMENT,19809.05,C514426934,124243.53,104434.48,M1177632079,0.0,0.0,0,0
186,PAYMENT,3806.46,C1887033296,10316.83,6510.38,M928050452,0.0,0.0,0,0
236,CASH_OUT,6380.8,C622064753,53642.0,47261.2,C853359906,560372.09,566752.89,0,0
222,CASH_OUT,35759.12,C2078657417,35759.12,0.0,C242153254,528553.38,564312.49,1,0
511,CASH_OUT,1367070.94,C1861046549,1367070.94,0.0,C1305620964,230814.67,1597885.62,1,0
331,CASH_IN,133628.83,C776739325,32166.0,165794.83,C1042358213,4595.15,0.0,0,0
227,CASH_IN,691694.36,C890998824,741162.4,1432856.76,C1004513120,4897628.17,4205933.81,0,0
8,PAYMENT,3237.48,C662706285,0.0,0.0,M1834739651,0.0,0.0,0,0
163,CASH_IN,205114.46,C148286868,8831862.42,9036976.87,C716691592,315653.79,110539.34,0,0
522,CASH_OUT,545780.7,C68418619,545780.7,0.0,C1298522904,0.0,545780.7,1,0
403,CASH_OUT,88777.62,C1742235541,179.0,0.0,C1896221738,2192157.68,2280935.31,0,0
330,PAYMENT,38749.56,C325517621,6065.0,0.0,M1458005166,0.0,0.0,0,0
658,CASH_OUT,1641792.79,C140720435,1641792.79,0.0,C993905449,536929.18,2178721.97,1,0
121,PAYMENT,5521.12,C701154420,51674.0,46152.88,M1435299851,0.0,0.0,0,0
203,TRANSFER,466580.69,C1631478680,466580.69,0.0,C1835027188,0.0,0.0,1,0
231,TRANSFER,273821.76,C121294173,273821.76,0.0,C815544341,0.0,0.0,1,0
637,CASH_OUT,58521.53,C1994097574,58521.53,0.0,C1963548176,0.0,58521.53,1,0
177,PAYMENT,1399.22,C1127218122,0.0,0.0,M1236368246,0.0,0.0,0,0
367,CASH_OUT,362672.57,C1069202179,362672.57,0.0,C1808434552,3.51,362676.08,1,0
252,TRANSFER,76200.04,C376760344,76200.04,0.0,C1713255424,0.0,0.0,1,0
321,CASH_IN,206351.02,C1516993897,101822.0,308173.02,C1542582371,540860.44,334509.42,0,0
152,TRANSFER,102945.99,C488688199,102945.99,0.0,C1626596200,0.0,0.0,1,0
313,CASH_OUT,5818863.13,C1520029619,5818863.13,0.0,C152631073,227196.79,6046059.92,1,0
397,CASH_OUT,23164.18,C137191797,20734.0,0.0,C1389965148,1834872.55,1858036.73,0,0
400,CASH_OUT,122300.72,C1037963705,51484.0,0.0,C904159690,0.0,122300.72,0,0
438,TRANSFER,176776.55,C1282030759,176776.55,0.0,C2119586471,0.0,0.0,1,0
145,CASH_OUT,150245.05,C2046096221,150245.05,0.0,C1306048259,1833611.89,1983856.94,1,0
138,PAYMENT,1015.43,C1965186667,0.0,0.0,M666436118,0.0,0.0,0,0
279,PAYMENT,2704.36,C1651237467,278488.58,275784.22,M1014667685,0.0,0.0,0,0
613,CASH_OUT,327791.14,C1118147077,327791.14,0.0,C1575522252,175013.26,502804.4,1,0
275,PAYMENT,11971.69,C1164296510,94298.0,82326.31,M405800689,0.0,0.0,0,0
509,CASH_OUT,1994525.04,C2059919874,1994525.04,0.0,C1227773063,337740.87,2332265.91,1,0
355,CASH_OUT,138340.69,C1296390600,58350.59,0.0,C203735676,687441.78,825782.46,0,0
274,CASH_OUT,70753.9,C1421336308,70753.9,0.0,C1662149928,0.0,70753.9,1,0
330,PAYMENT,3227.2,C251085802,14432.0,11204.8,M940387582,0.0,0.0,0,0
337,CASH_OUT,88748.63,C1502031409,88748.63,0.0,C997271871,664794.37,753543.0,1,0
323,CASH_IN,312850.64,C1205642418,30496.0,343346.64,C1595965288,0.0,0.0,0,0
665,TRANSFER,866712.19,C2071265703,866712.19,0.0,C1234810608,0.0,0.0,1,0
269,TRANSFER,32527.0,C1930526816,32527.0,0.0,C1608920091,0.0,0.0,1,0
625,TRANSFER,2654302.46,C286057800,2654302.46,0.0,C1593401972,0.0,0.0,1,0
279,CASH_OUT,279993.03,C1558234184,0.0,0.0,C1833231741,976646.65,1256639.68,0,0
656,CASH_OUT,5349.74,C379668471,5349.74,0.0,C1699960133,585780.87,591130.61,1,0
40,CASH_OUT,2757431.53,C82669876,2757431.53,0.0,C1462250062,0.0,2757431.53,1,0
105,TRANSFER,2988103.3,C257797783,2988103.3,0.0,C1647613503,0.0,0.0,1,0
39,CASH_OUT,152042.16,C1395896953,152042.16,0.0,C45672156,710428.02,862470.18,1,0
686,CASH_OUT,1637875.33,C1616830000,1637875.33,0.0,C682431891,2042965.58,3680840.92,1,0
212,TRANSFER,1947807.58,C1501311535,1947807.58,0.0,C37561886,0.0,0.0,1,0
279,CASH_OUT,184433.86,C2012763338,94883.0,0.0,C1752289820,0.0,184433.86,0,0
38,CASH_OUT,39108.07,C1229108245,0.0,0.0,C986189638,2484800.84,2523908.91,0,0
376,CASH_OUT,200268.44,C1367284336,20640.0,0.0,C1336811764,477756.06,678024.5,0,0
307,PAYMENT,785.1,C947691774,193137.28,192352.18,M751182210,0.0,0.0,0,0
462,CASH_OUT,1433038.32,C994987867,1433038.32,0.0,C725098002,116466.92,1549505.24,1,0
29,TRANSFER,268641.82,C775733773,268641.82,0.0,C2121303056,0.0,0.0,1,0
329,TRANSFER,338062.05,C1562312616,338062.05,0.0,C227222097,0.0,0.0,1,0
33,PAYMENT,11290.06,C1154661403,36051.0,24760.94,M1242381686,0.0,0.0,0,0
618,CASH_OUT,114483.78,C934338438,114483.78,0.0,C209796396,780631.49,895115.27,1,0
399,CASH_OUT,98094.55,C1268379677,0.0,0.0,C1751777083,970471.07,1068565.62,0,0
542,CASH_IN,145293.42,C1478317293,2980.0,148273.42,C1336195433,0.0,0.0,0,0
406,CASH_OUT,9173.06,C527814350,9173.06,0.0,C594518473,0.0,9173.06,1,0
394,CASH_OUT,49950.63,C1528504862,49950.63,0.0,C1778014932,460576.82,510527.45,1,0
659,TRANSFER,1467987.57,C2035870900,1467987.57,0.0,C1336055115,0.0,0.0,1,0
474,CASH_OUT,1165171.47,C1827869035,1165171.47,0.0,C372062896,371852.42,1537023.88,1,0
293,TRANSFER,234673.76,C954355337,234673.76,0.0,C669925274,0.0,0.0,1,0
279,CASH_IN,113717.08,C611196015,4018082.21,4131799.29,C510971321,2988936.62,2875219.55,0,0
184,CASH_OUT,230292.27,C983303136,2083.0,0.0,C43874620,112441.92,335241.68,0,0
228,CASH_OUT,440680.07,C928327430,15841.0,0.0,C169326476,3743431.87,4184111.94,0,0
401,TRANSFER,125822.44,C675569506,125822.44,0.0,C631063987,0.0,0.0,1,0
360,TRANSFER,261742.96,C913474262,261742.96,0.0,C627102981,0.0,0.0,1,0
154,CASH_IN,418737.13,C484812858,2817457.18,3236194.31,C2069269386,2459896.18,2041159.05,0,0
404,TRANSFER,10000000.0,C2023224715,12754759.04,2754759.04,C1730830963,0.0,0.0,1,0
12,CASH_OUT,1041647.06,C169939918,1041647.06,0.0,C1673501963,52730.33,1094377.39,1,0
40,CASH_IN,315332.63,C431432211,18976936.18,19292268.81,C988710621,471967.29,156634.66,0,0
237,CASH_OUT,3924102.18,C390716812,3924102.18,0.0,C1387545582,0.0,3924102.18,1,0
613,CASH_OUT,86002.09,C1363187770,86002.09,0.0,C1320785064,0.0,86002.09,1,0
159,PAYMENT,595.67,C1263064209,0.0,0.0,M538439346,0.0,0.0,0,0
250,TRANSFER,177217.55,C1034306839,177217.55,0.0,C1979293202,0.0,0.0,1,0
563,CASH_OUT,633610.66,C382898342,633610.66,0.0,C1625958226,0.0,633610.66,1,0
397,PAYMENT,6340.43,C1268913839,0.0,0.0,M134711219,0.0,0.0,0,0
274,TRANSFER,2274566.61,C1462703827,2274566.61,0.0,C961774996,0.0,0.0,1,0
59,TRANSFER,394388.09,C1625333778,394388.09,0.0,C940087282,0.0,0.0,1,0
350,CASH_OUT,2728625.68,C67550882,2728625.68,0.0,C58470057,8454424.24,11183049.93,1,0
348,PAYMENT,14129.62,C1039011344,9301.0,0.0,M1034435203,0.0,0.0,0,0
86,TRANSFER,17822.02,C1763423014,17822.02,0.0,C2088891396,0.0,0.0,1,0
33,TRANSFER,3295227.84,C1152596026,3295227.84,0.0,C1976114093,0.0,0.0,1,0
158,PAYMENT,9117.31,C1797493116,308153.0,299035.69,M310745710,0.0,0.0,0,0
33,PAYMENT,349.91,C1729381947,102155.0,101805.09,M651139778,0.0,0.0,0,0
15,CASH_OUT,10980.99,C1048331953,16032.0,5051.01,C2093777729,346728.3,416843.68,0,0
657,CASH_OUT,41428.9,C2052119405,41428.9,0.0,C1101469852,25069.03,66497.93,1,0
39,CASH_OUT,629431.23,C1468764171,214049.0,0.0,C1143566273,1163.54,630594.77,0,0
229,CASH_IN,408068.76,C485981082,3020954.94,3429023.71,C923350226,3993259.28,3585190.52,0,0
568,CASH_OUT,32521.24,C2134024588,32521.24,0.0,C492914405,327985.18,360506.42,1,0
705,TRANSFER,404394.04,C57037472,404394.04,0.0,C149688378,0.0,0.0,1,0
303,TRANSFER,199870.29,C37736433,199870.29,0.0,C279131656,0.0,0.0,1,0
308,PAYMENT,9063.08,C2147126359,242587.29,233524.21,M1683497898,0.0,0.0,0,0
400,TRANSFER,1604990.9,C348597707,0.0,0.0,C165753282,3017624.0,4622614.9,0,0
307,TRANSFER,988204.68,C958273270,0.0,0.0,C898232365,1826796.49,2815001.17,0,0
178,CASH_IN,206010.19,C824704554,4171222.97,4377233.16,C167175733,682863.34,476853.15,0,0
605,CASH_OUT,269692.53,C165949141,269692.53,0.0,C895796754,2248741.77,2518434.3,1,0
211,TRANSFER,1049232.11,C248568064,1049232.11,0.0,C280959828,0.0,0.0,1,0
48,PAYMENT,9554.61,C1363564844,0.0,0.0,M554123216,0.0,0.0,0,0
17,PAYMENT,3842.48,C1268829282,20043.0,16200.52,M509511895,0.0,0.0,0,0
165,TRANSFER,203737.03,C1160392233,0.0,0.0,C375207823,316220.57,519957.6,0,0
71,TRANSFER,91691.75,C1715084286,91691.75,0.0,C415375205,0.0,0.0,1,0
692,CASH_OUT,349619.91,C925944949,349619.91,0.0,C345169466,1472559.62,1822179.54,1,0
584,TRANSFER,777448.03,C86523774,777448.03,0.0,C262188325,0.0,0.0,1,0
223,TRANSFER,334890.91,C1711836423,334890.91,0.0,C1676868220,0.0,0.0,1,0
119,CASH_OUT,148070.97,C1672177335,2002.0,0.0,C2121831742,2515489.7,2663560.67,0,0
138,CASH_OUT,250567.63,C2075770459,0.0,0.0,C859009954,675552.33,926119.97,0,0
413,TRANSFER,115085.31,C2039186549,115085.31,0.0,C544794295,0.0,0.0,1,0
581,CASH_OUT,155002.83,C1511917182,155002.83,0.0,C30026767,0.0,155002.83,1,0
37,CASH_OUT,112562.54,C1407934575,30133.0,0.0,C1243859034,0.0,0.0,0,0
380,CASH_OUT,245481.3,C1390459460,0.0,0.0,C767064170,699504.78,944986.08,0,0
9,CASH_OUT,11308.0,C921533797,11308.0,0.0,C424669538,0.0,302550.56,1,0
313,CASH_OUT,1467324.96,C97658415,1467324.96,0.0,C1960732564,75565.92,1542890.88,1,0
373,CASH_IN,242030.09,C327968675,9325194.11,9567224.2,C1281055286,483873.6,241843.51,0,0
228,PAYMENT,85848.84,C1245211602,10736.0,0.0,M1786154890,0.0,0.0,0,0
130,CASH_IN,193327.4,C1825029150,8163932.05,8357259.46,C884175856,198540.64,5213.23,0,0
483,CASH_IN,73805.84,C907728986,7469788.39,7543594.23,C1944894800,425152.49,351346.65,0,0
34,CASH_OUT,407386.32,C1548788425,25328.0,0.0,C1596062467,842600.2,1249986.52,0,0
277,CASH_OUT,239121.18,C2047697635,0.0,0.0,C53443461,250452.44,489573.62,0,0
370,CASH_OUT,249781.41,C930332477,0.0,0.0,C18849508,2326294.43,2576075.84,0,0
694,TRANSFER,174107.36,C1167176851,174107.36,0.0,C1633521068,0.0,0.0,1,0
371,CASH_IN,166690.54,C168198490,10432269.12,10598959.66,C1124954842,2005032.97,1838342.43,0,0
175,TRANSFER,895565.06,C1046781112,895565.06,0.0,C556777856,0.0,0.0,1,0
186,PAYMENT,27246.51,C488415823,1081.0,0.0,M140434064,0.0,0.0,0,0
497,CASH_OUT,10000000.0,C25889412,10000000.0,0.0,C1671906752,714460.87,10714460.87,1,0
505,TRANSFER,2251225.38,C1960849749,2251225.38,0.0,C785239841,0.0,0.0,1,0
252,CASH_OUT,195227.91,C835571957,0.0,0.0,C208019830,1256726.0,1451953.91,0,0
193,CASH_OUT,660746.19,C1149059890,660746.19,0.0,C777809380,935791.84,1596538.03,1,0
42,PAYMENT,885.14,C822865010,553896.29,553011.15,M125131831,0.0,0.0,0,0
130,TRANSFER,49028.96,C1672583834,0.0,0.0,C79282252,459789.92,508818.88,0,0
164,PAYMENT,4017.63,C2092027039,10306.0,6288.37,M69663429,0.0,0.0,0,0
276,CASH_OUT,7832.09,C1262668971,0.0,0.0,C615238056,427319.08,435151.17,0,0
394,TRANSFER,147957.23,C1762704986,147957.23,0.0,C1857166842,0.0,0.0,1,0
66,CASH_OUT,2096634.43,C65342125,2096634.43,0.0,C282355647,183429.98,2280064.41,1,0
9,CASH_OUT,513625.95,C1611058489,12561.0,0.0,C794358930,17469.41,436980.32,0,0
211,PAYMENT,22161.32,C159497963,51785.0,29623.68,M1067867146,0.0,0.0,0,0
610,CASH_OUT,298754.96,C87645050,298754.96,0.0,C1812719573,1865811.93,2164566.89,1,0
234,CASH_OUT,450489.27,C745977891,450489.27,0.0,C1398681592,122047.64,572536.91,1,0
157,CASH_OUT,16283.09,C155957415,46284.0,30000.91,C1104780579,9139.06,25422.15,0,0
72,CASH_OUT,730574.39,C1283613009,730574.39,0.0,C1291527211,183897.18,914471.57,1,0
136,CASH_OUT,256494.2,C65129899,0.0,0.0,C219076415,370828.82,627323.02,0,0
56,CASH_OUT,82767.31,C1447707746,82767.31,0.0,C133385139,401173.22,483940.53,1,0
484,TRANSFER,26654.46,C755286039,26654.46,0.0,C2094079166,0.0,0.0,1,0
74,TRANSFER,158489.29,C1694745551,158489.29,0.0,C43669214,0.0,0.0,1,0
308,PAYMENT,24548.01,C1308676481,446.0,0.0,M224684643,0.0,0.0,0,0
328,TRANSFER,474467.2,C1221668517,474467.2,0.0,C2134508873,0.0,0.0,1,0
279,TRANSFER,601222.02,C1700633166,601222.02,0.0,C1334915379,0.0,0.0,1,0
277,PAYMENT,9115.76,C1199002314,56532.0,47416.24,M1409545519,0.0,0.0,0,0
202,CASH_IN,141892.33,C1200707677,40242.0,182134.33,C2111438828,0.0,0.0,0,0
187,CASH_IN,66603.69,C479278956,11575368.71,11641972.4,C573097287,2303154.41,2236550.72,0,0
251,PAYMENT,25764.72,C258564426,154263.0,128498.28,M422789806,0.0,0.0,0,0
477,CASH_OUT,9639524.7,C560583390,9639524.7,0.0,C1975522590,0.0,9639524.7,1,0
209,PAYMENT,3285.57,C1687090817,0.0,0.0,M718159710,0.0,0.0,0,0
206,PAYMENT,1945.62,C180727854,19942.0,17996.38,M276985026,0.0,0.0,0,0
355,PAYMENT,1716.05,C913764937,5769.17,4053.13,M1387429131,0.0,0.0,0,0
154,CASH_IN,17669.99,C1915426633,5600.0,23269.99,C83954503,0.0,0.0,0,0
215,PAYMENT,3536.98,C1382192414,2241.22,0.0,M1913523238,0.0,0.0,0,0
131,PAYMENT,853.36,C1116091809,1062.0,208.64,M1134990203,0.0,0.0,0,0
277,PAYMENT,11450.12,C968220575,117892.0,106441.88,M1248272626,0.0,0.0,0,0
253,TRANSFER,168455.76,C1968388309,168455.76,0.0,C752698440,0.0,0.0,1,0
181,CASH_OUT,278732.6,C109090968,32149.0,0.0,C400654029,2420893.86,2699626.46,0,0
619,TRANSFER,595854.2,C1100776599,595854.2,0.0,C385080311,0.0,0.0,1,0
327,CASH_IN,145514.28,C2105616632,572.0,146086.28,C1294314636,0.0,0.0,0,0
178,CASH_IN,223982.0,C1420957751,540.0,224522.0,C2015873709,47833.81,0.0,0,0
208,CASH_IN,78946.39,C484904026,91851.0,170797.39,C1036281200,428287.89,349341.5,0,0
503,CASH_OUT,251683.05,C1957817562,251683.05,0.0,C1713552362,0.0,251683.05,1,0
450,TRANSFER,10000000.0,C524119157,19228514.1,9228514.1,C1979637041,0.0,0.0,1,0
379,CASH_IN,113025.04,C2086171951,898054.15,1011079.18,C1592030215,1221272.8,1108247.77,0,0
281,TRANSFER,2554662.97,C325102191,2554662.97,0.0,C1742243055,0.0,0.0,1,0
509,CASH_OUT,418871.89,C1373058287,418871.89,0.0,C648225636,134286.38,553158.26,1,0
472,TRANSFER,63440.63,C1431701654,63440.63,0.0,C906449417,0.0,0.0,1,0
351,TRANSFER,888887.16,C348233249,0.0,0.0,C2030416267,1691575.02,2580462.19,0,0
202,PAYMENT,12819.63,C1792324708,0.0,0.0,M1207431887,0.0,0.0,0,0
380,PAYMENT,16050.32,C264265832,24360.73,8310.41,M948002841,0.0,0.0,0,0
39,PAYMENT,6136.09,C1584966889,219972.52,213836.44,M603628538,0.0,0.0,0,0
262,TRANSFER,201281.36,C1271087457,201281.36,0.0,C1017401472,0.0,0.0,1,0
404,TRANSFER,540914.12,C935920556,540914.12,0.0,C332143191,0.0,0.0,1,0
542,TRANSFER,5166393.44,C1707763066,5166393.44,0.0,C190447545,0.0,0.0,1,0
665,CASH_OUT,40819.72,C493844715,40819.72,0.0,C195565327,1455161.15,1495980.87,1,0
303,CASH_OUT,152261.69,C1178641481,28149.0,0.0,C167768781,29106.78,181368.47,0,0
45,TRANSFER,7335355.57,C1102672587,7335355.57,0.0,C735323689,0.0,0.0,1,0
240,PAYMENT,12492.84,C320540298,468.22,0.0,M1238329933,0.0,0.0,0,0
22,PAYMENT,12877.22,C1058406915,740280.0,727402.78,M1685735358,0.0,0.0,0,0
345,PAYMENT,19406.28,C1131402523,190270.6,170864.31,M250666917,0.0,0.0,0,0
80,TRANSFER,244814.12,C2138181348,244814.12,0.0,C1608735206,0.0,0.0,1,0
305,CASH_OUT,108722.4,C1894234774,7101.0,0.0,C289479177,3671.88,112394.28,0,0
113,TRANSFER,1636403.22,C14417080,1636403.22,0.0,C1609424366,0.0,0.0,1,0
563,TRANSFER,633610.66,C1996751665,633610.66,0.0,C533492345,0.0,0.0,1,0
38,PAYMENT,13119.97,C1502174698,15326.0,2206.03,M1198426298,0.0,0.0,0,0
653,TRANSFER,598426.68,C652500321,598426.68,0.0,C430642994,0.0,0.0,1,0
301,CASH_OUT,408724.54,C629384731,408724.54,0.0,C1039886956,0.0,408724.54,1,0
304,PAYMENT,20246.79,C1603693549,30244.0,9997.21,M630119081,0.0,0.0,0,0
376,PAYMENT,5038.94,C124093913,2662.0,0.0,M236380448,0.0,0.0,0,0
301,CASH_OUT,133027.88,C1021100132,27144.0,0.0,C1134760074,220791.5,353819.38,0,0
134,CASH_IN,341710.58,C1020676450,50416.0,392126.58,C225066163,158876.25,0.0,0,0
136,CASH_IN,48255.07,C1499351231,115997.0,164252.07,C1917096968,106891.0,0.0,0,0
84,CASH_OUT,39379.45,C743472915,39379.45,0.0,C165832169,188532.97,227912.43,1,0
153,CASH_IN,21310.21,C187211885,20668.0,41978.21,C2012418809,88082.21,66772.0,0,0
273,TRANSFER,601494.61,C847336008,601494.61,0.0,C1251618677,0.0,0.0,1,0
694,CASH_OUT,5175876.53,C731901376,5175876.53,0.0,C1761260133,7229712.73,12405589.26,1,0
161,TRANSFER,10000000.0,C831325954,11336901.11,1336901.11,C1166671647,0.0,0.0,1,0
352,PAYMENT,17647.97,C1279016779,0.0,0.0,M2025094125,0.0,0.0,0,0
670,CASH_OUT,74103.27,C1515750181,259671.74,185568.47,C2013169541,257370.23,331473.5,0,0
205,CASH_IN,149128.9,C1170058555,19014041.69,19163170.59,C2017584728,5033319.57,4884190.68,0,0
258,PAYMENT,17457.41,C376068989,0.0,0.0,M1117701647,0.0,0.0,0,0
251,CASH_OUT,347312.7,C152341781,53075.0,0.0,C302470299,1217617.08,1564929.78,0,0
479,CASH_OUT,6669495.34,C155884105,6669495.34,0.0,C52395788,251579.17,6921074.51,1,0
124,TRANSFER,1399637.19,C2129900930,1399637.19,0.0,C1804261014,0.0,0.0,1,0
415,CASH_OUT,461369.99,C2081855471,461369.99,0.0,C1671232989,2572575.13,3033945.11,1,0
162,PAYMENT,2607.6,C1423098298,21639.0,19031.4,M1743262986,0.0,0.0,0,0
371,PAYMENT,18436.47,C829577062,20257.0,1820.53,M375131566,0.0,0.0,0,0
403,CASH_OUT,132552.28,C890674813,0.0,0.0,C1938007896,229276.28,361828.56,0,0
45,PAYMENT,6473.04,C502803758,41299.72,34826.68,M2030721506,0.0,0.0,0,0
492,CASH_OUT,162192.78,C1133500128,162192.78,0.0,C1665056886,0.0,162192.78,1,0
269,TRANSFER,1314897.11,C353673917,1314897.11,0.0,C1556017214,0.0,0.0,1,0
722,CASH_OUT,59263.88,C1129374442,59263.88,0.0,C552296205,1597464.29,1656728.17,1,0
399,CASH_OUT,1442075.9,C2135299801,1442075.9,0.0,C266594026,168728.6,1610804.5,1,0
229,TRANSFER,38580.45,C715571167,38580.45,0.0,C650699445,0.0,0.0,1,0
14,CASH_OUT,72053.03,C1482459206,0.0,0.0,C244401300,471628.0,499311.82,0,0
382,CASH_IN,174230.84,C878569742,20723.0,194953.84,C1691115286,0.0,0.0,0,0
681,TRANSFER,807466.16,C1365547819,807466.16,0.0,C1383531200,0.0,0.0,1,0
141,PAYMENT,3844.42,C1562103626,1730.0,0.0,M614363123,0.0,0.0,0,0
385,TRANSFER,617882.66,C1190371489,617882.66,0.0,C371320047,0.0,0.0,1,0
397,TRANSFER,704477.84,C428185794,0.0,0.0,C521979785,1268527.8,1973005.63,0,0
616,CASH_OUT,1265656.44,C198942679,1265656.44,0.0,C154881805,653351.54,1919007.98,1,0
735,CASH_OUT,243459.96,C1148037845,243459.96,0.0,C387251817,9459523.04,9702983.01,1,0
600,TRANSFER,1649039.58,C114531117,1649039.58,0.0,C267782135,0.0,0.0,1,0
111,CASH_OUT,98692.72,C982480526,98692.72,0.0,C1665025289,67599.16,166291.88,1,0
444,CASH_OUT,3752520.6,C1674281831,3752520.6,0.0,C590901753,1255946.49,5008467.09,1,0
620,CASH_OUT,295205.08,C1005007866,295205.08,0.0,C930467576,55972.48,351177.56,1,0
237,TRANSFER,321241.84,C1552999118,321241.84,0.0,C1921706460,0.0,0.0,1,0
635,TRANSFER,1387048.31,C1020800306,1387048.31,0.0,C2090609585,0.0,0.0,1,0
348,CASH_OUT,291264.2,C163614138,291264.2,0.0,C350043001,439892.58,731156.78,1,0
183,PAYMENT,23965.21,C427901435,0.0,0.0,M2073368989,0.0,0.0,0,0
41,PAYMENT,15897.57,C1451191301,38430.0,22532.43,M1344689686,0.0,0.0,0,0
11,CASH_IN,737.14,C646250679,10386423.56,10387160.7,C807931439,356168.96,786350.58,0,0
400,CASH_OUT,423485.76,C1704926667,49659.0,0.0,C1617186730,0.0,423485.76,0,0
17,PAYMENT,17339.53,C1801118794,100889.0,83549.47,M1266509073,0.0,0.0,0,0
160,TRANSFER,1284959.39,C1764461949,1284959.39,0.0,C160976870,0.0,0.0,1,0
207,CASH_OUT,175825.01,C26814107,0.0,0.0,C522619081,178594.62,354419.63,0,0
312,CASH_OUT,6580427.81,C511307813,6580427.81,0.0,C377087678,0.0,6580427.81,1,0
12,PAYMENT,17455.94,C1053203516,11155.0,0.0,M699926009,0.0,0.0,0,0
11,CASH_IN,285632.03,C886783925,52243.71,337875.74,C132676069,0.0,0.0,0,0
20,CASH_IN,89068.41,C1718185508,14740.0,103808.41,C1765616902,2990615.54,2901547.13,0,0
354,PAYMENT,786.44,C1131321836,181051.85,180265.41,M1772307407,0.0,0.0,0,0
233,TRANSFER,48156.69,C2044046492,48156.69,0.0,C1686942753,0.0,0.0,1,0
180,CASH_OUT,37891.64,C1250668520,52001.0,14109.36,C385864067,0.0,37891.64,0,0
256,PAYMENT,2417.77,C2040299426,59106.0,56688.23,M801229895,0.0,0.0,0,0
95,PAYMENT,23709.5,C1582490434,38254.0,14544.5,M1078050780,0.0,0.0,0,0
16,CASH_OUT,13382.68,C1036520392,0.0,0.0,C1944693763,473907.47,604567.47,0,0
132,CASH_OUT,278300.03,C1917553000,1406.0,0.0,C1208018998,1656091.52,2141791.24,0,0
328,CASH_OUT,49939.64,C1436202324,262.0,0.0,C2121672304,74139.08,124078.72,0,0
275,TRANSFER,58905.66,C1796650314,0.0,0.0,C423248942,196558.77,255464.43,0,0
692,PAYMENT,25845.83,C1870187274,0.0,0.0,M1466188419,0.0,0.0,0,0
9,CASH_OUT,350705.74,C58527359,350705.74,0.0,C582901057,894760.68,1794033.65,1,0
161,CASH_OUT,263270.68,C28504171,92686.0,0.0,C2010431707,0.0,263270.68,0,0
347,CASH_IN,266999.97,C1187651682,7411271.89,7678271.86,C1593563915,386812.88,119812.91,0,0
63,TRANSFER,197226.65,C1538536157,197226.65,0.0,C1896614473,0.0,0.0,1,0
8,CASH_OUT,35025.56,C1821409160,0.0,0.0,C1323741703,106238.48,1966850.36,0,0
219,TRANSFER,555731.98,C2046149869,555731.98,0.0,C1910853781,0.0,0.0,1,0
64,TRANSFER,17051.69,C759912226,17051.69,0.0,C287309829,0.0,0.0,1,0
4,CASH_OUT,169941.73,C2026325575,169941.73,0.0,C1394526584,0.0,169941.73,1,0
397,CASH_IN,80793.14,C1246751985,130496.0,211289.14,C1041898220,216790.66,135997.52,0,0
592,CASH_OUT,1170213.18,C408490456,1170213.18,0.0,C1143989341,236605.22,1406818.41,1,0
41,PAYMENT,6181.62,C1048769357,0.0,0.0,M1849526991,0.0,0.0,0,0
376,CASH_OUT,173663.28,C1573104468,185.0,0.0,C1971947111,7831.0,181494.29,0,0
132,CASH_OUT,315231.94,C679060526,50952.0,0.0,C1538882286,0.0,315231.94,0,0
210,CASH_OUT,23610.85,C1790329459,23610.85,0.0,C409233491,212041.22,235652.07,1,0
120,CASH_OUT,544890.56,C1805538854,0.0,0.0,C583331228,2053719.23,2598609.79,0,0
500,CASH_OUT,34958.7,C2042987948,81227.0,46268.3,C1433236989,0.0,34958.7,0,0
482,TRANSFER,75659.33,C807173004,75659.33,0.0,C1577384296,0.0,0.0,1,0
404,PAYMENT,3752.41,C1711353344,10166.0,6413.59,M244767275,0.0,0.0,0,0
20,TRANSFER,453595.03,C2060837063,0.0,0.0,C957639902,680669.24,1134264.27,0,0
383,CASH_OUT,150406.91,C911775110,150406.91,0.0,C1959198865,1903051.04,2053457.95,1,0
329,CASH_IN,404770.93,C489058843,31400.0,436170.93,C1494859130,269953.19,0.0,0,0
551,TRANSFER,150924.76,C1104531414,150924.76,0.0,C1502819168,0.0,0.0,1,0
215,CASH_IN,117211.25,C1962372193,20399.0,137610.25,C1138976639,0.0,0.0,0,0
178,PAYMENT,3074.2,C1524177,41519.0,38444.8,M1254577822,0.0,0.0,0,0
719,CASH_OUT,479926.98,C236547965,479926.98,0.0,C1382782385,71009.24,550936.23,1,0
434,CASH_OUT,4152987.1,C1200746478,4152987.1,0.0,C1248241557,45694.34,4198681.44,1,0
282,CASH_OUT,100969.53,C1568924384,745206.68,644237.16,C1010279436,1120287.73,1221257.26,0,0
184,CASH_OUT,95504.16,C351014542,55753.0,0.0,C215311903,616691.11,712195.27,0,0
130,CASH_OUT,251510.3,C1423407775,31041.0,0.0,C904084530,0.0,251510.3,0,0
381,TRANSFER,102256.57,C525941534,102256.57,0.0,C521981840,0.0,0.0,1,0
670,TRANSFER,929106.32,C1689585176,929106.32,0.0,C57612044,0.0,0.0,1,0
285,CASH_OUT,106654.67,C1032151084,106654.67,0.0,C297867369,46760.32,153414.99,1,0
574,TRANSFER,58863.89,C1649037642,58863.89,0.0,C1806065948,0.0,0.0,1,0
36,CASH_IN,3464.31,C799978076,5668584.64,5672048.95,C1128735639,12927.65,386167.99,0,0
229,PAYMENT,20853.31,C358070670,3076.0,0.0,M1005687041,0.0,0.0,0,0
238,TRANSFER,10000000.0,C1028530067,15274773.52,5274773.52,C1390461904,0.0,0.0,1,0
246,TRANSFER,831725.76,C1717556818,831725.76,0.0,C377236919,0.0,0.0,1,0
321,PAYMENT,24768.57,C677695730,21573.0,0.0,M1730854331,0.0,0.0,0,0
230,CASH_OUT,57023.97,C871057744,20982.0,0.0,C944801956,1004178.35,1061202.32,0,0
158,CASH_OUT,87646.89,C1165878521,0.0,0.0,C1768464356,3597931.72,3685578.61,0,0
154,CASH_IN,207366.5,C958390765,4067443.89,4274810.39,C1336584430,587967.17,713766.93,0,0
321,CASH_IN,415566.51,C187267123,11850.0,427416.51,C1824602300,9511.67,0.0,0,0
204,TRANSFER,194605.15,C1056958493,179833.0,0.0,C1461150638,218530.16,413135.31,0,0
212,PAYMENT,3545.07,C1963796757,198896.35,195351.28,M1527411282,0.0,0.0,0,0
186,CASH_OUT,324633.29,C180488500,0.0,0.0,C831074981,4240563.47,4565196.77,0,0
231,CASH_OUT,393456.7,C2032832581,1555.0,0.0,C2017937628,41056.34,434513.04,0,0
132,CASH_OUT,111341.32,C2089891434,367645.87,256304.56,C2030815369,544458.75,655800.07,0,0
279,PAYMENT,14057.22,C609764432,0.0,0.0,M347000537,0.0,0.0,0,0
203,PAYMENT,8179.11,C1765144598,17830.46,9651.35,M1023735833,0.0,0.0,0,0
225,PAYMENT,3202.17,C60034474,732.0,0.0,M1128177813,0.0,0.0,0,0
550,CASH_OUT,77380.14,C729461584,0.0,0.0,C575662398,97492.46,174872.6,0,0
122,CASH_OUT,188249.17,C670393440,188249.17,0.0,C928566980,381115.19,569364.36,1,0
166,TRANSFER,1803411.53,C660401037,1803411.53,0.0,C1657963478,0.0,0.0,1,0
187,PAYMENT,3393.07,C1446504054,0.0,0.0,M16282130,0.0,0.0,0,0
464,CASH_OUT,1506795.1,C1504023425,1506795.1,0.0,C538717920,39851.76,1546646.86,1,0
305,CASH_OUT,258953.67,C1558605799,3617.29,0.0,C1732043491,509480.49,768434.16,0,0
190,CASH_OUT,265747.73,C2046465313,265747.73,0.0,C1929273714,0.0,265747.73,1,0
379,CASH_OUT,274751.1,C818489116,55268.44,0.0,C1710356912,0.0,274751.1,0,0
592,CASH_OUT,369306.87,C131199741,369306.87,0.0,C1863134170,786338.72,1155645.58,1,0
328,PAYMENT,11361.68,C1611197519,51542.0,40180.32,M1975523642,0.0,0.0,0,0
302,CASH_IN,247691.45,C980217286,29845.38,277536.84,C1096241484,603773.04,356081.59,0,0
158,CASH_OUT,216803.7,C2068361010,31471.0,0.0,C115347060,735043.84,951847.53,0,0
37,CASH_IN,624723.54,C48767001,82815.0,707538.54,C1708458655,221351.15,0.0,0,0
402,CASH_OUT,193881.19,C2006591627,116377.0,0.0,C1419102945,0.0,193881.19,0,0
252,PAYMENT,14842.26,C1091035709,32048.45,17206.19,M1219660595,0.0,0.0,0,0
234,TRANSFER,264949.69,C1912538788,264949.69,0.0,C455997820,0.0,0.0,1,0
163,CASH_OUT,109480.44,C462695952,35608.0,0.0,C315161875,414605.48,524085.92,0,0
617,CASH_OUT,10000000.0,C1596180537,10000000.0,0.0,C2105645265,0.0,10000000.0,1,0
18,CASH_OUT,34749.34,C283919359,56772.0,22022.66,C783408770,0.0,34749.34,0,0
9,CASH_OUT,406693.65,C1495450640,0.0,0.0,C1568538856,496364.06,984424.07,0,0
309,CASH_OUT,144375.1,C1958601185,0.0,0.0,C1023969368,520757.02,665132.12,0,0
612,TRANSFER,49423.31,C770927537,49423.31,0.0,C1726957418,0.0,0.0,1,0
275,PAYMENT,1604.03,C1063742446,210409.0,208804.97,M1299009178,0.0,0.0,0,0
235,CASH_OUT,32562.89,C1428411784,0.0,0.0,C1679264115,314078.36,346641.25,0,0
519,TRANSFER,1049424.26,C448865084,1049424.26,0.0,C154141586,0.0,0.0,1,0
244,TRANSFER,4252656.95,C1243123662,4252656.95,0.0,C590057207,0.0,0.0,1,0
594,CASH_IN,355077.74,C1007415518,0.0,355077.74,C686904438,3149408.32,2794330.58,0,0
678,TRANSFER,749316.7,C965198261,749316.7,0.0,C636887341,0.0,0.0,1,0
237,CASH_OUT,87250.03,C1543275743,0.0,0.0,C139422286,2075912.87,2163162.9,0,0
281,PAYMENT,21766.78,C1218047828,0.0,0.0,M1133823278,0.0,0.0,0,0
217,TRANSFER,81216.23,C1904718336,81216.23,0.0,C364331020,0.0,0.0,1,0
499,TRANSFER,488243.65,C2117568077,488243.65,0.0,C1238599279,0.0,0.0,1,0
17,CASH_OUT,211226.92,C395615978,40635.0,0.0,C677216061,0.0,211226.92,0,0
349,CASH_IN,35086.5,C1273560176,4395781.93,4430868.43,C1860944563,292022.69,256936.19,0,0
383,PAYMENT,9733.56,C1129310007,15315.0,5581.44,M1467327178,0.0,0.0,0,0
311,PAYMENT,2981.95,C612627216,41003.0,38021.05,M724525068,0.0,0.0,0,0
161,PAYMENT,10615.04,C1666038593,39125.36,28510.31,M127990292,0.0,0.0,0,0
262,CASH_OUT,13845.29,C1559714086,0.0,0.0,C1864943711,2477960.52,2491805.8,0,0
280,PAYMENT,9334.66,C1009867558,1957.31,0.0,M1961451993,0.0,0.0,0,0
132,PAYMENT,32068.6,C2034265661,524466.65,492398.05,M1984743975,0.0,0.0,0,0
251,TRANSFER,82112.74,C106888185,82112.74,0.0,C299512906,0.0,0.0,1,0
14,CASH_IN,356037.76,C105072403,214.0,356251.76,C358587851,0.0,0.0,0,0
306,CASH_OUT,186551.83,C1073250576,60791.0,0.0,C1532048443,82330.27,268882.1,0,0
396,CASH_IN,519426.69,C881037104,16722458.72,17241885.4,C1102456557,4663069.38,4143642.69,0,0
31,CASH_OUT,5021186.54,C1520365660,5021186.54,0.0,C1308026520,880859.14,5902045.68,1,0
179,PAYMENT,3478.18,C1698571270,19853.0,16374.82,M643984524,0.0,0.0,0,0
414,CASH_OUT,10000000.0,C2071282373,10000000.0,0.0,C803763593,0.0,10000000.0,1,0
625,TRANSFER,58924.16,C475096619,58924.16,0.0,C1365777468,0.0,0.0,1,0
232,PAYMENT,4553.12,C2115840189,0.0,0.0,M766296397,0.0,0.0,0,0
203,CASH_OUT,132043.51,C428823553,0.0,0.0,C1550704330,2711094.9,2704640.12,0,0
171,CASH_OUT,2754740.54,C52657218,2754740.54,0.0,C1861630818,1767824.71,4522565.25,1,0
197,CASH_OUT,486060.16,C558066114,486060.16,0.0,C1244940749,0.0,486060.16,1,0
396,TRANSFER,1547877.98,C211699118,1547877.98,0.0,C1804433464,0.0,0.0,1,0
215,PAYMENT,3432.88,C1158134312,0.0,0.0,M1436471011,0.0,0.0,0,0
402,CASH_OUT,1301410.68,C756143103,1301410.68,0.0,C1385992736,307091.75,1608502.44,1,0
75,CASH_OUT,460436.43,C568175103,460436.43,0.0,C283083073,0.0,460436.43,1,0
353,PAYMENT,4425.8,C643919206,0.0,0.0,M388163040,0.0,0.0,0,0
254,TRANSFER,653949.74,C747760381,653949.74,0.0,C2069990042,0.0,0.0,1,0
495,TRANSFER,1301090.39,C1386844753,1301090.39,0.0,C808323881,0.0,0.0,1,0
42,TRANSFER,1917497.63,C373557981,1917497.63,0.0,C114416170,0.0,0.0,1,0
210,CASH_IN,72955.07,C449186636,12177753.68,12250708.75,C1158900486,1868927.57,1795972.5,0,0
156,TRANSFER,254167.15,C514076656,254167.15,0.0,C1340029873,0.0,0.0,1,0
183,PAYMENT,17899.13,C1034602882,11692.0,0.0,M703455353,0.0,0.0,0,0
365,CASH_OUT,4841332.26,C238987266,4841332.26,0.0,C1373089977,12806.8,4854139.07,1,0
446,TRANSFER,311487.14,C1728700338,311487.14,0.0,C1489729408,0.0,0.0,1,0
379,CASH_OUT,17216.14,C2031058034,17216.14,0.0,C413925568,30730.87,47947.01,1,0
368,CASH_OUT,199414.45,C1712549867,199414.45,0.0,C359165677,0.0,199414.45,1,0
187,CASH_OUT,1561.78,C584261404,0.0,0.0,C166243665,139168.9,140730.68,0,0
62,TRANSFER,722380.88,C1429215839,722380.88,0.0,C1401928307,0.0,0.0,1,0
332,PAYMENT,7419.61,C2009251127,25329.0,17909.39,M911681856,0.0,0.0,0,0
503,PAYMENT,9608.56,C399176677,26809.0,17200.44,M883036381,0.0,0.0,0,0
301,CASH_OUT,476298.8,C462014500,0.0,0.0,C1916335772,2010463.39,2486762.19,0,0
380,PAYMENT,5466.03,C1896561078,0.0,0.0,M831854039,0.0,0.0,0,0
461,CASH_OUT,1464614.79,C1138281794,1464614.79,0.0,C1873232780,0.0,1464614.79,1,0
249,PAYMENT,17555.22,C171525442,0.0,0.0,M1535177085,0.0,0.0,0,0
397,CASH_OUT,52689.13,C2024128077,52689.13,0.0,C221905096,160085.29,212774.42,1,0
44,CASH_OUT,534255.94,C1829721095,534255.94,0.0,C991247178,24559.0,558814.94,1,0
205,TRANSFER,245694.84,C468833365,245694.84,0.0,C600157960,0.0,0.0,1,0
386,TRANSFER,1975271.77,C109944074,1975271.77,0.0,C88316037,0.0,0.0,1,0
722,CASH_OUT,3071270.72,C1272560847,3071270.72,0.0,C116742531,153082.28,3224353.0,1,0
321,TRANSFER,203874.62,C926108639,203874.62,0.0,C1426041212,0.0,0.0,1,0
207,PAYMENT,22036.15,C494256374,105809.0,83772.85,M615269591,0.0,0.0,0,0
456,CASH_OUT,30548.46,C1387708046,30548.46,0.0,C1963829295,804314.46,834862.92,1,0
637,PAYMENT,2847.67,C1660954768,0.0,0.0,M1465429761,0.0,0.0,0,0
339,TRANSFER,373531.87,C1176876206,373531.87,0.0,C29820940,0.0,0.0,1,0
394,CASH_OUT,106790.47,C673228823,60027.0,0.0,C153980968,153215.55,260006.01,0,0
555,TRANSFER,1235544.92,C1695141990,1235544.92,0.0,C1558094676,0.0,0.0,1,0
308,CASH_OUT,151663.59,C1922377125,147.0,0.0,C1765365986,0.0,151663.59,0,0
687,CASH_IN,273427.82,C865976802,1517274.09,1790701.91,C314337396,2998807.06,2725379.24,0,0
203,PAYMENT,8321.61,C1052744794,19643.0,11321.39,M856534679,0.0,0.0,0,0
2,CASH_OUT,18627.02,C175961135,18627.02,0.0,C1711105800,147251.58,165878.6,1,0
206,PAYMENT,7284.29,C781383446,0.0,0.0,M896086023,0.0,0.0,0,0
41,TRANSFER,581889.94,C518343264,581889.94,0.0,C596058183,0.0,0.0,1,0
229,CASH_OUT,508328.07,C1975374552,0.0,0.0,C1417835621,1127221.4,1635549.47,0,0
121,TRANSFER,1241118.86,C1539299608,1241118.86,0.0,C375267568,0.0,0.0,1,0
214,CASH_OUT,1368391.5,C486163456,1368391.5,0.0,C385133759,258210.84,1626602.34,1,0
287,PAYMENT,11921.54,C696266580,694112.79,682191.25,M743821749,0.0,0.0,0,0
393,CASH_OUT,151597.36,C1192750895,0.0,0.0,C550567230,3082085.02,3233682.38,0,0
208,CASH_OUT,363240.27,C151502168,0.0,0.0,C1355706409,681084.43,1044324.7,0,0
575,TRANSFER,1489916.19,C872785069,1489916.19,0.0,C2067948985,0.0,0.0,1,0
651,CASH_OUT,65494.78,C1340594574,65494.78,0.0,C1088639142,422252.51,487747.29,1,0
673,TRANSFER,645104.5,C986606051,645104.5,0.0,C175407589,0.0,0.0,1,0
255,CASH_OUT,229110.92,C1483105591,19919.0,0.0,C532804043,0.0,229110.92,0,0
371,PAYMENT,65523.58,C1987542208,933.0,0.0,M19559947,0.0,0.0,0,0
368,TRANSFER,200419.12,C197020106,200419.12,0.0,C1227889272,0.0,0.0,1,0
8,PAYMENT,16693.07,C772345783,10200.0,0.0,M2111683444,0.0,0.0,0,0
120,TRANSFER,107773.49,C562878740,107773.49,0.0,C270375529,0.0,0.0,1,0
428,CASH_IN,165172.6,C1531977735,2590140.06,2755312.66,C251591167,221628.29,56455.69,0,0
302,PAYMENT,21013.18,C749713553,0.0,0.0,M391493109,0.0,0.0,0,0
586,CASH_OUT,2581549.92,C648614053,2581549.92,0.0,C213455810,0.0,2581549.92,1,0
10,CASH_IN,306069.37,C954200212,30735.0,336804.37,C877277085,32902.0,0.0,0,0
732,TRANSFER,311832.17,C65054182,311832.17,0.0,C833307608,0.0,0.0,1,0
714,TRANSFER,10000000.0,C131412689,10390763.24,390763.24,C1846567377,0.0,0.0,1,0
328,CASH_OUT,95549.82,C590201870,0.0,0.0,C1753221242,268940.74,364490.56,0,0
139,CASH_OUT,167869.5,C841478345,48165.0,0.0,C855615468,2989173.5,3157043.0,0,0
45,CASH_IN,132823.81,C621024017,9132442.11,9265265.92,C55938931,2725669.69,2592845.88,0,0
420,CASH_OUT,1464160.5,C2024056212,1464160.5,0.0,C1653697681,462739.95,1926900.44,1,0
365,TRANSFER,86258.11,C1449357986,86258.11,0.0,C185244782,0.0,0.0,1,0
58,TRANSFER,7108914.22,C1494760088,7108914.22,0.0,C1835087777,0.0,0.0,1,0
331,CASH_OUT,427503.76,C276800386,27624.0,0.0,C979759312,613947.4,1041451.16,0,0
396,TRANSFER,353783.72,C234084293,0.0,0.0,C1474695154,1639764.23,1993547.95,0,0
311,TRANSFER,1275236.3,C1608267319,1275236.3,0.0,C584314061,0.0,0.0,1,0
703,CASH_OUT,512922.65,C1319609098,512922.65,0.0,C1745340789,217101.75,730024.39,1,0
367,CASH_OUT,902483.91,C1202457928,902483.91,0.0,C2142717530,2271023.91,3173507.82,1,0
111,CASH_OUT,3595911.39,C1877698691,3595911.39,0.0,C1757559397,82970.96,3678882.35,1,0
60,TRANSFER,742973.53,C153820103,742973.53,0.0,C1530694083,0.0,0.0,1,0
348,CASH_OUT,3476.01,C1468272324,40586.0,37109.99,C593320282,73765.4,77241.4,0,0
661,CASH_OUT,386838.1,C386635198,0.0,0.0,C623503358,4301043.7,4687881.8,0,0
357,TRANSFER,4177467.46,C1493761372,4177467.46,0.0,C1907708290,0.0,0.0,1,0
352,CASH_OUT,165190.18,C149700008,0.0,0.0,C1334234817,1219248.52,1384438.7,0,0
739,TRANSFER,8116.53,C2072430566,8116.53,0.0,C765215468,0.0,0.0,1,0
725,CASH_OUT,123259.24,C1350230812,123259.24,0.0,C1392776813,1175578.47,1298837.71,1,0
50,TRANSFER,967153.5,C850743663,967153.5,0.0,C1137540009,0.0,0.0,1,0
520,PAYMENT,29577.2,C660096183,153200.0,123622.8,M1626168174,0.0,0.0,0,0
708,CASH_OUT,1494146.93,C171779643,1494146.93,0.0,C808534536,0.0,1494146.93,1,0
637,CASH_OUT,3845765.36,C2141919864,3845765.36,0.0,C1371101627,0.0,3845765.36,1,0
460,CASH_OUT,1424002.7,C9486206,1424002.7,0.0,C2094181723,11407.5,1435410.19,1,0
321,PAYMENT,647.86,C537254855,20912.0,20264.14,M1113872265,0.0,0.0,0,0
298,CASH_IN,128146.55,C738877956,1603277.07,1731423.62,C1365463591,2182079.87,2053933.32,0,0
401,CASH_OUT,118863.93,C1523434016,0.0,0.0,C695235200,140889.72,259753.65,0,0
331,DEBIT,2919.72,C395584465,10785.0,7865.28,C64097525,106272.31,109192.03,0,0
60,TRANSFER,89014.32,C1517105060,89014.32,0.0,C621322132,0.0,0.0,1,0
351,CASH_OUT,210077.58,C649046785,913.0,0.0,C1998499292,170089.44,380167.01,0,0
354,CASH_IN,253129.93,C2017736577,1328499.49,1581629.42,C407484102,2713220.48,2460090.55,0,0
188,CASH_IN,210219.54,C1442207392,2908442.89,3118662.43,C759278052,641613.97,431394.43,0,0
393,TRANSFER,432958.83,C1282477979,432958.83,0.0,C1783092125,0.0,0.0,1,0
352,CASH_OUT,84782.1,C585202294,105294.0,20511.9,C610837419,325520.54,410302.64,0,0
469,PAYMENT,10564.56,C1697183637,0.0,0.0,M243577595,0.0,0.0,0,0
355,CASH_IN,422018.23,C1274268347,42596.0,464614.23,C1430543710,5966582.95,5895065.75,0,0
323,TRANSFER,1140474.16,C814253081,0.0,0.0,C1500998589,3434546.68,4575020.84,0,0
648,CASH_OUT,774868.1,C1516959235,774868.1,0.0,C1812639726,131877.41,906745.51,1,0
47,CASH_OUT,238805.3,C1840368517,0.0,0.0,C1965847730,263026.76,501832.06,0,0
231,CASH_OUT,34975.52,C684154463,0.0,0.0,C201839570,39898.14,74873.66,0,0
687,CASH_OUT,398157.05,C1880789333,398157.05,0.0,C1819185781,703136.65,1101293.69,1,0
181,CASH_IN,238453.09,C903444213,4022912.78,4261365.87,C805432566,3319125.16,3080672.07,0,0
15,CASH_IN,53230.73,C938400829,895081.62,948312.35,C360966517,7015146.49,6961915.77,0,0
87,CASH_OUT,114339.1,C183849466,114339.1,0.0,C1798936808,41413.23,155752.33,1,0
33,TRANSFER,10000000.0,C1439740840,19887819.06,9887819.06,C875288652,0.0,0.0,1,0
353,CASH_IN,85955.34,C1506410293,157044.0,242999.34,C836903727,9356940.48,9270985.14,0,0
39,PAYMENT,1555.53,C220455249,0.0,0.0,M1106104274,0.0,0.0,0,0
19,TRANSFER,500698.98,C966800981,316628.0,0.0,C133879537,19859.0,0.0,0,0
182,TRANSFER,767755.17,C304885039,767755.17,0.0,C2068840304,0.0,0.0,1,0
325,TRANSFER,30846.84,C913635242,30846.84,0.0,C282425253,0.0,0.0,1,0
709,CASH_OUT,242296.17,C657317205,242296.17,0.0,C144113427,0.0,242296.17,1,0
573,TRANSFER,438139.79,C653094177,438139.79,0.0,C1710300918,0.0,0.0,1,0
20,TRANSFER,448025.06,C1976637754,448025.06,0.0,C4020115,0.0,0.0,1,0
523,CASH_OUT,248799.49,C853284926,248799.49,0.0,C1409000148,323143.23,571942.72,1,0
163,CASH_IN,271938.55,C984523540,20067798.76,20339737.31,C1815545543,1378449.58,1106511.03,0,0
613,TRANSFER,1892137.66,C1387416875,1892137.66,0.0,C1999528314,0.0,0.0,1,0
219,TRANSFER,248242.32,C1026095459,248242.32,0.0,C1060066770,0.0,0.0,1,0
621,PAYMENT,388.04,C1360012913,5551.0,5162.96,M1760414180,0.0,0.0,0,0
425,CASH_OUT,486175.4,C1737680610,486175.4,0.0,C1596545373,0.0,486175.4,1,0
85,CASH_OUT,167679.27,C2032147559,167679.27,0.0,C599607213,165580.61,333259.88,1,0
520,TRANSFER,1459180.14,C779464023,1459180.14,0.0,C1165490053,0.0,0.0,1,0
306,PAYMENT,12395.85,C1071419155,51213.96,38818.11,M279900842,0.0,0.0,0,0
415,CASH_OUT,23236.49,C631901150,23236.49,0.0,C705161174,179969.72,203206.21,1,0
495,PAYMENT,10976.29,C1563084786,148427.0,137450.71,M334788005,0.0,0.0,0,0
173,CASH_OUT,176273.29,C14325153,176273.29,0.0,C856044772,0.0,176273.29,1,0
129,CASH_IN,138507.0,C759624030,5523.0,144030.0,C565550254,786575.37,648068.37,0,0
16,CASH_OUT,341986.68,C1603168738,0.0,0.0,C1569736723,810210.16,1525083.7,0,0
108,CASH_OUT,566142.89,C501067498,566142.89,0.0,C2079441909,1344558.46,1910701.34,1,0
387,CASH_OUT,9110884.44,C400087132,9110884.44,0.0,C413319813,0.0,9110884.44,1,0
321,CASH_OUT,203874.62,C2016803098,203874.62,0.0,C1127806629,472690.19,676564.81,1,0
645,CASH_OUT,326250.51,C1592906945,326250.51,0.0,C379003317,83999.86,410250.38,1,0
507,TRANSFER,10000000.0,C1386014813,17239986.95,7239986.95,C407821637,0.0,0.0,1,0
284,TRANSFER,741277.85,C1574461768,741277.85,0.0,C16659988,0.0,0.0,1,0
282,TRANSFER,140523.4,C730675323,140523.4,0.0,C160013718,0.0,0.0,1,0
170,TRANSFER,871893.15,C139567724,871893.15,0.0,C2000039513,0.0,0.0,1,0
380,CASH_OUT,139046.77,C224868326,275.0,0.0,C1867125212,613514.29,752561.06,0,0
406,CASH_OUT,126192.63,C1660121126,126192.63,0.0,C39677871,0.0,126192.63,1,0
594,DEBIT,1271.01,C778649018,1881.0,609.99,C1891715634,2573079.77,2574350.78,0,0
660,CASH_OUT,14360.12,C808321528,14360.12,0.0,C314882858,8869218.72,8883578.84,1,0
581,TRANSFER,155002.83,C1691713014,155002.83,0.0,C71357990,0.0,0.0,1,0
85,TRANSFER,4094.07,C810305173,4094.07,0.0,C600417404,0.0,0.0,1,0
232,TRANSFER,40052.27,C1560599756,21440.0,0.0,C467089211,3766586.72,3806638.98,0,0
194,CASH_OUT,911895.71,C1703895485,911895.71,0.0,C1399213893,68468.27,980363.98,1,0
464,TRANSFER,336917.97,C1108270870,336917.97,0.0,C815315430,0.0,0.0,1,0
